date,time,province,confirmed,released,deceased,daily_cases
20/01/2020,16,Seoul,0,0,0,0
20/01/2020,16,Busan,0,0,0,0
20/01/2020,16,Daegu,0,0,0,0
20/01/2020,16,Incheon,1,0,0,1
20/01/2020,16,Gwangju,0,0,0,0
20/01/2020,16,Daejeon,0,0,0,0
20/01/2020,16,Ulsan,0,0,0,0
20/01/2020,16,Sejong,0,0,0,0
20/01/2020,16,Gyeonggi-do,0,0,0,0
20/01/2020,16,Gangwon-do,0,0,0,0
20/01/2020,16,Chungcheongbuk-do,0,0,0,0
20/01/2020,16,Chungcheongnam-do,0,0,0,0
20/01/2020,16,Jeollabuk-do,0,0,0,0
20/01/2020,16,Jeollanam-do,0,0,0,0
20/01/2020,16,Gyeongsangbuk-do,0,0,0,0
20/01/2020,16,Gyeongsangnam-do,0,0,0,0
20/01/2020,16,Jeju-do,0,0,0,0
21/01/2020,16,Seoul,0,0,0,0
21/01/2020,16,Busan,0,0,0,0
21/01/2020,16,Daegu,0,0,0,0
21/01/2020,16,Incheon,1,0,0,0
21/01/2020,16,Gwangju,0,0,0,0
21/01/2020,16,Daejeon,0,0,0,0
21/01/2020,16,Ulsan,0,0,0,0
21/01/2020,16,Sejong,0,0,0,0
21/01/2020,16,Gyeonggi-do,0,0,0,0
21/01/2020,16,Gangwon-do,0,0,0,0
21/01/2020,16,Chungcheongbuk-do,0,0,0,0
21/01/2020,16,Chungcheongnam-do,0,0,0,0
21/01/2020,16,Jeollabuk-do,0,0,0,0
21/01/2020,16,Jeollanam-do,0,0,0,0
21/01/2020,16,Gyeongsangbuk-do,0,0,0,0
21/01/2020,16,Gyeongsangnam-do,0,0,0,0
21/01/2020,16,Jeju-do,0,0,0,0
22/01/2020,16,Seoul,0,0,0,0
22/01/2020,16,Busan,0,0,0,0
22/01/2020,16,Daegu,0,0,0,0
22/01/2020,16,Incheon,1,0,0,0
22/01/2020,16,Gwangju,0,0,0,0
22/01/2020,16,Daejeon,0,0,0,0
22/01/2020,16,Ulsan,0,0,0,0
22/01/2020,16,Sejong,0,0,0,0
22/01/2020,16,Gyeonggi-do,0,0,0,0
22/01/2020,16,Gangwon-do,0,0,0,0
22/01/2020,16,Chungcheongbuk-do,0,0,0,0
22/01/2020,16,Chungcheongnam-do,0,0,0,0
22/01/2020,16,Jeollabuk-do,0,0,0,0
22/01/2020,16,Jeollanam-do,0,0,0,0
22/01/2020,16,Gyeongsangbuk-do,0,0,0,0
22/01/2020,16,Gyeongsangnam-do,0,0,0,0
22/01/2020,16,Jeju-do,0,0,0,0
23/01/2020,16,Seoul,0,0,0,0
23/01/2020,16,Busan,0,0,0,0
23/01/2020,16,Daegu,0,0,0,0
23/01/2020,16,Incheon,1,0,0,0
23/01/2020,16,Gwangju,0,0,0,0
23/01/2020,16,Daejeon,0,0,0,0
23/01/2020,16,Ulsan,0,0,0,0
23/01/2020,16,Sejong,0,0,0,0
23/01/2020,16,Gyeonggi-do,0,0,0,0
23/01/2020,16,Gangwon-do,0,0,0,0
23/01/2020,16,Chungcheongbuk-do,0,0,0,0
23/01/2020,16,Chungcheongnam-do,0,0,0,0
23/01/2020,16,Jeollabuk-do,0,0,0,0
23/01/2020,16,Jeollanam-do,0,0,0,0
23/01/2020,16,Gyeongsangbuk-do,0,0,0,0
23/01/2020,16,Gyeongsangnam-do,0,0,0,0
23/01/2020,16,Jeju-do,0,0,0,0
24/01/2020,16,Seoul,0,0,0,0
24/01/2020,16,Busan,0,0,0,0
24/01/2020,16,Daegu,0,0,0,0
24/01/2020,16,Incheon,1,0,0,0
24/01/2020,16,Gwangju,0,0,0,0
24/01/2020,16,Daejeon,0,0,0,0
24/01/2020,16,Ulsan,0,0,0,0
24/01/2020,16,Sejong,0,0,0,0
24/01/2020,16,Gyeonggi-do,1,0,0,1
24/01/2020,16,Gangwon-do,0,0,0,0
24/01/2020,16,Chungcheongbuk-do,0,0,0,0
24/01/2020,16,Chungcheongnam-do,0,0,0,0
24/01/2020,16,Jeollabuk-do,0,0,0,0
24/01/2020,16,Jeollanam-do,0,0,0,0
24/01/2020,16,Gyeongsangbuk-do,0,0,0,0
24/01/2020,16,Gyeongsangnam-do,0,0,0,0
24/01/2020,16,Jeju-do,0,0,0,0
25/01/2020,16,Seoul,0,0,0,0
25/01/2020,16,Busan,0,0,0,0
25/01/2020,16,Daegu,0,0,0,0
25/01/2020,16,Incheon,1,0,0,0
25/01/2020,16,Gwangju,0,0,0,0
25/01/2020,16,Daejeon,0,0,0,0
25/01/2020,16,Ulsan,0,0,0,0
25/01/2020,16,Sejong,0,0,0,0
25/01/2020,16,Gyeonggi-do,1,0,0,0
25/01/2020,16,Gangwon-do,0,0,0,0
25/01/2020,16,Chungcheongbuk-do,0,0,0,0
25/01/2020,16,Chungcheongnam-do,0,0,0,0
25/01/2020,16,Jeollabuk-do,0,0,0,0
25/01/2020,16,Jeollanam-do,0,0,0,0
25/01/2020,16,Gyeongsangbuk-do,0,0,0,0
25/01/2020,16,Gyeongsangnam-do,0,0,0,0
25/01/2020,16,Jeju-do,0,0,0,0
26/01/2020,16,Seoul,0,0,0,0
26/01/2020,16,Busan,0,0,0,0
26/01/2020,16,Daegu,0,0,0,0
26/01/2020,16,Incheon,1,0,0,0
26/01/2020,16,Gwangju,0,0,0,0
26/01/2020,16,Daejeon,0,0,0,0
26/01/2020,16,Ulsan,0,0,0,0
26/01/2020,16,Sejong,0,0,0,0
26/01/2020,16,Gyeonggi-do,2,0,0,1
26/01/2020,16,Gangwon-do,0,0,0,0
26/01/2020,16,Chungcheongbuk-do,0,0,0,0
26/01/2020,16,Chungcheongnam-do,0,0,0,0
26/01/2020,16,Jeollabuk-do,0,0,0,0
26/01/2020,16,Jeollanam-do,0,0,0,0
26/01/2020,16,Gyeongsangbuk-do,0,0,0,0
26/01/2020,16,Gyeongsangnam-do,0,0,0,0
26/01/2020,16,Jeju-do,0,0,0,0
27/01/2020,16,Seoul,1,0,0,1
27/01/2020,16,Busan,0,0,0,0
27/01/2020,16,Daegu,0,0,0,0
27/01/2020,16,Incheon,1,0,0,0
27/01/2020,16,Gwangju,0,0,0,0
27/01/2020,16,Daejeon,0,0,0,0
27/01/2020,16,Ulsan,0,0,0,0
27/01/2020,16,Sejong,0,0,0,0
27/01/2020,16,Gyeonggi-do,2,0,0,0
27/01/2020,16,Gangwon-do,0,0,0,0
27/01/2020,16,Chungcheongbuk-do,0,0,0,0
27/01/2020,16,Chungcheongnam-do,0,0,0,0
27/01/2020,16,Jeollabuk-do,0,0,0,0
27/01/2020,16,Jeollanam-do,0,0,0,0
27/01/2020,16,Gyeongsangbuk-do,0,0,0,0
27/01/2020,16,Gyeongsangnam-do,0,0,0,0
27/01/2020,16,Jeju-do,0,0,0,0
28/01/2020,16,Seoul,1,0,0,0
28/01/2020,16,Busan,0,0,0,0
28/01/2020,16,Daegu,0,0,0,0
28/01/2020,16,Incheon,1,0,0,0
28/01/2020,16,Gwangju,0,0,0,0
28/01/2020,16,Daejeon,0,0,0,0
28/01/2020,16,Ulsan,0,0,0,0
28/01/2020,16,Sejong,0,0,0,0
28/01/2020,16,Gyeonggi-do,2,0,0,0
28/01/2020,16,Gangwon-do,0,0,0,0
28/01/2020,16,Chungcheongbuk-do,0,0,0,0
28/01/2020,16,Chungcheongnam-do,0,0,0,0
28/01/2020,16,Jeollabuk-do,0,0,0,0
28/01/2020,16,Jeollanam-do,0,0,0,0
28/01/2020,16,Gyeongsangbuk-do,0,0,0,0
28/01/2020,16,Gyeongsangnam-do,0,0,0,0
28/01/2020,16,Jeju-do,0,0,0,0
29/01/2020,16,Seoul,1,0,0,0
29/01/2020,16,Busan,0,0,0,0
29/01/2020,16,Daegu,0,0,0,0
29/01/2020,16,Incheon,1,0,0,0
29/01/2020,16,Gwangju,0,0,0,0
29/01/2020,16,Daejeon,0,0,0,0
29/01/2020,16,Ulsan,0,0,0,0
29/01/2020,16,Sejong,0,0,0,0
29/01/2020,16,Gyeonggi-do,2,0,0,0
29/01/2020,16,Gangwon-do,0,0,0,0
29/01/2020,16,Chungcheongbuk-do,0,0,0,0
29/01/2020,16,Chungcheongnam-do,0,0,0,0
29/01/2020,16,Jeollabuk-do,0,0,0,0
29/01/2020,16,Jeollanam-do,0,0,0,0
29/01/2020,16,Gyeongsangbuk-do,0,0,0,0
29/01/2020,16,Gyeongsangnam-do,0,0,0,0
29/01/2020,16,Jeju-do,0,0,0,0
30/01/2020,16,Seoul,3,0,0,2
30/01/2020,16,Busan,0,0,0,0
30/01/2020,16,Daegu,0,0,0,0
30/01/2020,16,Incheon,1,0,0,0
30/01/2020,16,Gwangju,0,0,0,0
30/01/2020,16,Daejeon,0,0,0,0
30/01/2020,16,Ulsan,0,0,0,0
30/01/2020,16,Sejong,0,0,0,0
30/01/2020,16,Gyeonggi-do,3,0,0,1
30/01/2020,16,Gangwon-do,0,0,0,0
30/01/2020,16,Chungcheongbuk-do,0,0,0,0
30/01/2020,16,Chungcheongnam-do,0,0,0,0
30/01/2020,16,Jeollabuk-do,0,0,0,0
30/01/2020,16,Jeollanam-do,0,0,0,0
30/01/2020,16,Gyeongsangbuk-do,0,0,0,0
30/01/2020,16,Gyeongsangnam-do,0,0,0,0
30/01/2020,16,Jeju-do,0,0,0,0
31/01/2020,16,Seoul,4,0,0,1
31/01/2020,16,Busan,0,0,0,0
31/01/2020,16,Daegu,0,0,0,0
31/01/2020,16,Incheon,1,0,0,0
31/01/2020,16,Gwangju,0,0,0,0
31/01/2020,16,Daejeon,0,0,0,0
31/01/2020,16,Ulsan,0,0,0,0
31/01/2020,16,Sejong,0,0,0,0
31/01/2020,16,Gyeonggi-do,5,0,0,2
31/01/2020,16,Gangwon-do,0,0,0,0
31/01/2020,16,Chungcheongbuk-do,0,0,0,0
31/01/2020,16,Chungcheongnam-do,0,0,0,0
31/01/2020,16,Jeollabuk-do,1,0,0,1
31/01/2020,16,Jeollanam-do,0,0,0,0
31/01/2020,16,Gyeongsangbuk-do,0,0,0,0
31/01/2020,16,Gyeongsangnam-do,0,0,0,0
31/01/2020,16,Jeju-do,0,0,0,0
1/02/2020,16,Seoul,4,0,0,0
1/02/2020,16,Busan,0,0,0,0
1/02/2020,16,Daegu,0,0,0,0
1/02/2020,16,Incheon,1,0,0,0
1/02/2020,16,Gwangju,0,0,0,0
1/02/2020,16,Daejeon,0,0,0,0
1/02/2020,16,Ulsan,0,0,0,0
1/02/2020,16,Sejong,0,0,0,0
1/02/2020,16,Gyeonggi-do,6,0,0,1
1/02/2020,16,Gangwon-do,0,0,0,0
1/02/2020,16,Chungcheongbuk-do,0,0,0,0
1/02/2020,16,Chungcheongnam-do,0,0,0,0
1/02/2020,16,Jeollabuk-do,1,0,0,0
1/02/2020,16,Jeollanam-do,0,0,0,0
1/02/2020,16,Gyeongsangbuk-do,0,0,0,0
1/02/2020,16,Gyeongsangnam-do,0,0,0,0
1/02/2020,16,Jeju-do,0,0,0,0
2/02/2020,16,Seoul,5,0,0,1
2/02/2020,16,Busan,0,0,0,0
2/02/2020,16,Daegu,0,0,0,0
2/02/2020,16,Incheon,1,0,0,0
2/02/2020,16,Gwangju,0,0,0,0
2/02/2020,16,Daejeon,0,0,0,0
2/02/2020,16,Ulsan,0,0,0,0
2/02/2020,16,Sejong,0,0,0,0
2/02/2020,16,Gyeonggi-do,8,0,0,2
2/02/2020,16,Gangwon-do,0,0,0,0
2/02/2020,16,Chungcheongbuk-do,0,0,0,0
2/02/2020,16,Chungcheongnam-do,0,0,0,0
2/02/2020,16,Jeollabuk-do,1,0,0,0
2/02/2020,16,Jeollanam-do,0,0,0,0
2/02/2020,16,Gyeongsangbuk-do,0,0,0,0
2/02/2020,16,Gyeongsangnam-do,0,0,0,0
2/02/2020,16,Jeju-do,0,0,0,0
3/02/2020,16,Seoul,5,0,0,0
3/02/2020,16,Busan,0,0,0,0
3/02/2020,16,Daegu,0,0,0,0
3/02/2020,16,Incheon,1,0,0,0
3/02/2020,16,Gwangju,0,0,0,0
3/02/2020,16,Daejeon,0,0,0,0
3/02/2020,16,Ulsan,0,0,0,0
3/02/2020,16,Sejong,0,0,0,0
3/02/2020,16,Gyeonggi-do,8,0,0,0
3/02/2020,16,Gangwon-do,0,0,0,0
3/02/2020,16,Chungcheongbuk-do,0,0,0,0
3/02/2020,16,Chungcheongnam-do,0,0,0,0
3/02/2020,16,Jeollabuk-do,1,0,0,0
3/02/2020,16,Jeollanam-do,0,0,0,0
3/02/2020,16,Gyeongsangbuk-do,0,0,0,0
3/02/2020,16,Gyeongsangnam-do,0,0,0,0
3/02/2020,16,Jeju-do,0,0,0,0
4/02/2020,16,Seoul,5,0,0,0
4/02/2020,16,Busan,0,0,0,0
4/02/2020,16,Daegu,0,0,0,0
4/02/2020,16,Incheon,1,0,0,0
4/02/2020,16,Gwangju,1,0,0,1
4/02/2020,16,Daejeon,0,0,0,0
4/02/2020,16,Ulsan,0,0,0,0
4/02/2020,16,Sejong,0,0,0,0
4/02/2020,16,Gyeonggi-do,8,0,0,0
4/02/2020,16,Gangwon-do,0,0,0,0
4/02/2020,16,Chungcheongbuk-do,0,0,0,0
4/02/2020,16,Chungcheongnam-do,0,0,0,0
4/02/2020,16,Jeollabuk-do,1,0,0,0
4/02/2020,16,Jeollanam-do,0,0,0,0
4/02/2020,16,Gyeongsangbuk-do,0,0,0,0
4/02/2020,16,Gyeongsangnam-do,0,0,0,0
4/02/2020,16,Jeju-do,0,0,0,0
5/02/2020,16,Seoul,5,1,0,0
5/02/2020,16,Busan,0,0,0,0
5/02/2020,16,Daegu,0,0,0,0
5/02/2020,16,Incheon,1,0,0,0
5/02/2020,16,Gwangju,1,0,0,0
5/02/2020,16,Daejeon,0,0,0,0
5/02/2020,16,Ulsan,0,0,0,0
5/02/2020,16,Sejong,0,0,0,0
5/02/2020,16,Gyeonggi-do,10,0,0,2
5/02/2020,16,Gangwon-do,0,0,0,0
5/02/2020,16,Chungcheongbuk-do,0,0,0,0
5/02/2020,16,Chungcheongnam-do,0,0,0,0
5/02/2020,16,Jeollabuk-do,1,0,0,0
5/02/2020,16,Jeollanam-do,0,0,0,0
5/02/2020,16,Gyeongsangbuk-do,0,0,0,0
5/02/2020,16,Gyeongsangnam-do,0,0,0,0
5/02/2020,16,Jeju-do,0,0,0,0
6/02/2020,16,Seoul,10,1,0,5
6/02/2020,16,Busan,0,0,0,0
6/02/2020,16,Daegu,0,0,0,0
6/02/2020,16,Incheon,1,1,0,0
6/02/2020,16,Gwangju,1,0,0,0
6/02/2020,16,Daejeon,0,0,0,0
6/02/2020,16,Ulsan,0,0,0,0
6/02/2020,16,Sejong,0,0,0,0
6/02/2020,16,Gyeonggi-do,10,0,0,0
6/02/2020,16,Gangwon-do,0,0,0,0
6/02/2020,16,Chungcheongbuk-do,0,0,0,0
6/02/2020,16,Chungcheongnam-do,0,0,0,0
6/02/2020,16,Jeollabuk-do,1,0,0,0
6/02/2020,16,Jeollanam-do,0,0,0,0
6/02/2020,16,Gyeongsangbuk-do,0,0,0,0
6/02/2020,16,Gyeongsangnam-do,0,0,0,0
6/02/2020,16,Jeju-do,0,0,0,0
7/02/2020,16,Seoul,11,1,0,1
7/02/2020,16,Busan,0,0,0,0
7/02/2020,16,Daegu,0,0,0,0
7/02/2020,16,Incheon,1,1,0,0
7/02/2020,16,Gwangju,1,0,0,0
7/02/2020,16,Daejeon,0,0,0,0
7/02/2020,16,Ulsan,0,0,0,0
7/02/2020,16,Sejong,0,0,0,0
7/02/2020,16,Gyeonggi-do,10,0,0,0
7/02/2020,16,Gangwon-do,0,0,0,0
7/02/2020,16,Chungcheongbuk-do,0,0,0,0
7/02/2020,16,Chungcheongnam-do,0,0,0,0
7/02/2020,16,Jeollabuk-do,1,0,0,0
7/02/2020,16,Jeollanam-do,0,0,0,0
7/02/2020,16,Gyeongsangbuk-do,0,0,0,0
7/02/2020,16,Gyeongsangnam-do,0,0,0,0
7/02/2020,16,Jeju-do,0,0,0,0
8/02/2020,16,Seoul,11,1,0,0
8/02/2020,16,Busan,0,0,0,0
8/02/2020,16,Daegu,0,0,0,0
8/02/2020,16,Incheon,1,1,0,0
8/02/2020,16,Gwangju,1,0,0,0
8/02/2020,16,Daejeon,0,0,0,0
8/02/2020,16,Ulsan,0,0,0,0
8/02/2020,16,Sejong,0,0,0,0
8/02/2020,16,Gyeonggi-do,10,0,0,0
8/02/2020,16,Gangwon-do,0,0,0,0
8/02/2020,16,Chungcheongbuk-do,0,0,0,0
8/02/2020,16,Chungcheongnam-do,0,0,0,0
8/02/2020,16,Jeollabuk-do,1,0,0,0
8/02/2020,16,Jeollanam-do,0,0,0,0
8/02/2020,16,Gyeongsangbuk-do,0,0,0,0
8/02/2020,16,Gyeongsangnam-do,0,0,0,0
8/02/2020,16,Jeju-do,0,0,0,0
9/02/2020,16,Seoul,14,1,0,3
9/02/2020,16,Busan,0,0,0,0
9/02/2020,16,Daegu,0,0,0,0
9/02/2020,16,Incheon,1,1,0,0
9/02/2020,16,Gwangju,1,0,0,0
9/02/2020,16,Daejeon,0,0,0,0
9/02/2020,16,Ulsan,0,0,0,0
9/02/2020,16,Sejong,0,0,0,0
9/02/2020,16,Gyeonggi-do,10,1,0,0
9/02/2020,16,Gangwon-do,0,0,0,0
9/02/2020,16,Chungcheongbuk-do,0,0,0,0
9/02/2020,16,Chungcheongnam-do,0,0,0,0
9/02/2020,16,Jeollabuk-do,1,0,0,0
9/02/2020,16,Jeollanam-do,0,0,0,0
9/02/2020,16,Gyeongsangbuk-do,0,1,0,0
9/02/2020,16,Gyeongsangnam-do,0,0,0,0
9/02/2020,16,Jeju-do,0,0,0,0
10/02/2020,16,Seoul,14,1,0,0
10/02/2020,16,Busan,0,0,0,0
10/02/2020,16,Daegu,0,0,0,0
10/02/2020,16,Incheon,1,1,0,0
10/02/2020,16,Gwangju,1,0,0,0
10/02/2020,16,Daejeon,0,0,0,0
10/02/2020,16,Ulsan,0,0,0,0
10/02/2020,16,Sejong,0,0,0,0
10/02/2020,16,Gyeonggi-do,10,1,0,0
10/02/2020,16,Gangwon-do,0,0,0,0
10/02/2020,16,Chungcheongbuk-do,0,0,0,0
10/02/2020,16,Chungcheongnam-do,0,0,0,0
10/02/2020,16,Jeollabuk-do,1,0,0,0
10/02/2020,16,Jeollanam-do,0,0,0,0
10/02/2020,16,Gyeongsangbuk-do,0,1,0,0
10/02/2020,16,Gyeongsangnam-do,0,0,0,0
10/02/2020,16,Jeju-do,0,0,0,0
11/02/2020,16,Seoul,14,2,0,0
11/02/2020,16,Busan,0,0,0,0
11/02/2020,16,Daegu,0,0,0,0
11/02/2020,16,Incheon,1,1,0,0
11/02/2020,16,Gwangju,1,0,0,0
11/02/2020,16,Daejeon,0,0,0,0
11/02/2020,16,Ulsan,0,0,0,0
11/02/2020,16,Sejong,0,0,0,0
11/02/2020,16,Gyeonggi-do,12,3,0,2
11/02/2020,16,Gangwon-do,0,0,0,0
11/02/2020,16,Chungcheongbuk-do,0,0,0,0
11/02/2020,16,Chungcheongnam-do,0,0,0,0
11/02/2020,16,Jeollabuk-do,1,0,0,0
11/02/2020,16,Jeollanam-do,0,0,0,0
11/02/2020,16,Gyeongsangbuk-do,0,1,0,0
11/02/2020,16,Gyeongsangnam-do,0,0,0,0
11/02/2020,16,Jeju-do,0,0,0,0
12/02/2020,16,Seoul,14,2,0,0
12/02/2020,16,Busan,0,0,0,0
12/02/2020,16,Daegu,0,0,0,0
12/02/2020,16,Incheon,1,1,0,0
12/02/2020,16,Gwangju,1,0,0,0
12/02/2020,16,Daejeon,0,0,0,0
12/02/2020,16,Ulsan,0,0,0,0
12/02/2020,16,Sejong,0,0,0,0
12/02/2020,16,Gyeonggi-do,12,3,0,0
12/02/2020,16,Gangwon-do,0,0,0,0
12/02/2020,16,Chungcheongbuk-do,0,0,0,0
12/02/2020,16,Chungcheongnam-do,0,0,0,0
12/02/2020,16,Jeollabuk-do,1,0,0,0
12/02/2020,16,Jeollanam-do,0,0,0,0
12/02/2020,16,Gyeongsangbuk-do,0,1,0,0
12/02/2020,16,Gyeongsangnam-do,0,0,0,0
12/02/2020,16,Jeju-do,0,0,0,0
13/02/2020,16,Seoul,14,2,0,0
13/02/2020,16,Busan,0,0,0,0
13/02/2020,16,Daegu,0,0,0,0
13/02/2020,16,Incheon,1,1,0,0
13/02/2020,16,Gwangju,1,0,0,0
13/02/2020,16,Daejeon,0,0,0,0
13/02/2020,16,Ulsan,0,0,0,0
13/02/2020,16,Sejong,0,0,0,0
13/02/2020,16,Gyeonggi-do,12,5,0,0
13/02/2020,16,Gangwon-do,0,0,0,0
13/02/2020,16,Chungcheongbuk-do,0,0,0,0
13/02/2020,16,Chungcheongnam-do,0,0,0,0
13/02/2020,16,Jeollabuk-do,1,1,0,0
13/02/2020,16,Jeollanam-do,0,0,0,0
13/02/2020,16,Gyeongsangbuk-do,0,1,0,0
13/02/2020,16,Gyeongsangnam-do,0,0,0,0
13/02/2020,16,Jeju-do,0,0,0,0
14/02/2020,16,Seoul,14,2,0,0
14/02/2020,16,Busan,0,0,0,0
14/02/2020,16,Daegu,0,0,0,0
14/02/2020,16,Incheon,1,1,0,0
14/02/2020,16,Gwangju,1,0,0,0
14/02/2020,16,Daejeon,0,0,0,0
14/02/2020,16,Ulsan,0,0,0,0
14/02/2020,16,Sejong,0,0,0,0
14/02/2020,16,Gyeonggi-do,12,5,0,0
14/02/2020,16,Gangwon-do,0,0,0,0
14/02/2020,16,Chungcheongbuk-do,0,0,0,0
14/02/2020,16,Chungcheongnam-do,0,0,0,0
14/02/2020,16,Jeollabuk-do,1,1,0,0
14/02/2020,16,Jeollanam-do,0,0,0,0
14/02/2020,16,Gyeongsangbuk-do,0,1,0,0
14/02/2020,16,Gyeongsangnam-do,0,0,0,0
14/02/2020,16,Jeju-do,0,0,0,0
15/02/2020,16,Seoul,14,2,0,0
15/02/2020,16,Busan,0,0,0,0
15/02/2020,16,Daegu,0,0,0,0
15/02/2020,16,Incheon,1,1,0,0
15/02/2020,16,Gwangju,1,0,0,0
15/02/2020,16,Daejeon,0,0,0,0
15/02/2020,16,Ulsan,0,0,0,0
15/02/2020,16,Sejong,0,0,0,0
15/02/2020,16,Gyeonggi-do,12,5,0,0
15/02/2020,16,Gangwon-do,0,0,0,0
15/02/2020,16,Chungcheongbuk-do,0,0,0,0
15/02/2020,16,Chungcheongnam-do,0,0,0,0
15/02/2020,16,Jeollabuk-do,1,1,0,0
15/02/2020,16,Jeollanam-do,0,0,0,0
15/02/2020,16,Gyeongsangbuk-do,0,1,0,0
15/02/2020,16,Gyeongsangnam-do,0,0,0,0
15/02/2020,16,Jeju-do,0,0,0,0
16/02/2020,16,Seoul,14,3,0,0
16/02/2020,16,Busan,0,0,0,0
16/02/2020,16,Daegu,0,0,0,0
16/02/2020,16,Incheon,1,1,0,0
16/02/2020,16,Gwangju,1,0,0,0
16/02/2020,16,Daejeon,0,0,0,0
16/02/2020,16,Ulsan,0,0,0,0
16/02/2020,16,Sejong,0,0,0,0
16/02/2020,16,Gyeonggi-do,12,5,0,0
16/02/2020,16,Gangwon-do,0,0,0,0
16/02/2020,16,Chungcheongbuk-do,0,0,0,0
16/02/2020,16,Chungcheongnam-do,0,0,0,0
16/02/2020,16,Jeollabuk-do,1,1,0,0
16/02/2020,16,Jeollanam-do,0,0,0,0
16/02/2020,16,Gyeongsangbuk-do,0,1,0,0
16/02/2020,16,Gyeongsangnam-do,0,0,0,0
16/02/2020,16,Jeju-do,0,0,0,0
17/02/2020,16,Seoul,14,3,0,0
17/02/2020,16,Busan,0,0,0,0
17/02/2020,16,Daegu,0,0,0,0
17/02/2020,16,Incheon,1,1,0,0
17/02/2020,16,Gwangju,1,0,0,0
17/02/2020,16,Daejeon,0,0,0,0
17/02/2020,16,Ulsan,0,0,0,0
17/02/2020,16,Sejong,0,0,0,0
17/02/2020,16,Gyeonggi-do,12,5,0,0
17/02/2020,16,Gangwon-do,0,0,0,0
17/02/2020,16,Chungcheongbuk-do,0,0,0,0
17/02/2020,16,Chungcheongnam-do,0,0,0,0
17/02/2020,16,Jeollabuk-do,1,1,0,0
17/02/2020,16,Jeollanam-do,0,0,0,0
17/02/2020,16,Gyeongsangbuk-do,0,1,0,0
17/02/2020,16,Gyeongsangnam-do,0,0,0,0
17/02/2020,16,Jeju-do,0,0,0,0
18/02/2020,16,Seoul,14,3,0,0
18/02/2020,16,Busan,0,0,0,0
18/02/2020,16,Daegu,1,0,0,1
18/02/2020,16,Incheon,1,1,0,0
18/02/2020,16,Gwangju,1,0,0,0
18/02/2020,16,Daejeon,0,0,0,0
18/02/2020,16,Ulsan,0,0,0,0
18/02/2020,16,Sejong,0,0,0,0
18/02/2020,16,Gyeonggi-do,12,5,0,0
18/02/2020,16,Gangwon-do,0,0,0,0
18/02/2020,16,Chungcheongbuk-do,0,0,0,0
18/02/2020,16,Chungcheongnam-do,0,0,0,0
18/02/2020,16,Jeollabuk-do,1,1,0,0
18/02/2020,16,Jeollanam-do,0,0,0,0
18/02/2020,16,Gyeongsangbuk-do,0,1,0,0
18/02/2020,16,Gyeongsangnam-do,0,0,0,0
18/02/2020,16,Jeju-do,0,0,0,0
19/02/2020,16,Seoul,20,3,0,6
19/02/2020,16,Busan,0,0,0,0
19/02/2020,16,Daegu,11,0,0,10
19/02/2020,16,Incheon,2,1,0,1
19/02/2020,16,Gwangju,1,0,0,0
19/02/2020,16,Daejeon,0,0,0,0
19/02/2020,16,Ulsan,0,0,0,0
19/02/2020,16,Sejong,0,0,0,0
19/02/2020,16,Gyeonggi-do,12,7,0,0
19/02/2020,16,Gangwon-do,0,0,0,0
19/02/2020,16,Chungcheongbuk-do,0,0,0,0
19/02/2020,16,Chungcheongnam-do,0,0,0,0
19/02/2020,16,Jeollabuk-do,1,1,0,0
19/02/2020,16,Jeollanam-do,0,0,0,0
19/02/2020,16,Gyeongsangbuk-do,2,1,0,2
19/02/2020,16,Gyeongsangnam-do,3,0,0,3
19/02/2020,16,Jeju-do,0,0,0,0
20/02/2020,16,Seoul,22,5,0,2
20/02/2020,16,Busan,8,0,0,8
20/02/2020,16,Daegu,30,0,0,19
20/02/2020,16,Incheon,2,1,0,0
20/02/2020,16,Gwangju,1,2,0,0
20/02/2020,16,Daejeon,0,0,0,0
20/02/2020,16,Ulsan,0,0,0,0
20/02/2020,16,Sejong,0,0,0,0
20/02/2020,16,Gyeonggi-do,12,7,0,0
20/02/2020,16,Gangwon-do,0,0,0,0
20/02/2020,16,Chungcheongbuk-do,0,0,0,0
20/02/2020,16,Chungcheongnam-do,0,0,0,0
20/02/2020,16,Jeollabuk-do,1,1,0,0
20/02/2020,16,Jeollanam-do,0,0,0,0
20/02/2020,16,Gyeongsangbuk-do,25,1,1,23
20/02/2020,16,Gyeongsangnam-do,3,0,0,0
20/02/2020,16,Jeju-do,0,0,0,0
21/02/2020,16,Seoul,27,5,0,5
21/02/2020,16,Busan,8,0,0,0
21/02/2020,16,Daegu,110,0,0,80
21/02/2020,16,Incheon,2,1,0,0
21/02/2020,16,Gwangju,3,2,0,2
21/02/2020,16,Daejeon,0,0,0,0
21/02/2020,16,Ulsan,0,0,0,0
21/02/2020,16,Sejong,0,0,0,0
21/02/2020,16,Gyeonggi-do,14,7,0,2
21/02/2020,16,Gangwon-do,0,0,0,0
21/02/2020,16,Chungcheongbuk-do,1,0,0,1
21/02/2020,16,Chungcheongnam-do,1,0,0,1
21/02/2020,16,Jeollabuk-do,2,1,0,1
21/02/2020,16,Jeollanam-do,0,0,0,0
21/02/2020,16,Gyeongsangbuk-do,28,1,1,3
21/02/2020,16,Gyeongsangnam-do,7,0,0,4
21/02/2020,16,Jeju-do,1,0,0,1
22/02/2020,16,Seoul,30,6,0,3
22/02/2020,16,Busan,11,0,0,3
22/02/2020,16,Daegu,193,0,0,83
22/02/2020,16,Incheon,2,1,0,0
22/02/2020,16,Gwangju,6,2,0,3
22/02/2020,16,Daejeon,2,0,0,2
22/02/2020,16,Ulsan,1,0,0,1
22/02/2020,16,Sejong,1,0,0,1
22/02/2020,16,Gyeonggi-do,20,7,0,6
22/02/2020,16,Gangwon-do,6,0,0,6
22/02/2020,16,Chungcheongbuk-do,3,0,0,2
22/02/2020,16,Chungcheongnam-do,1,0,0,0
22/02/2020,16,Jeollabuk-do,3,1,0,1
22/02/2020,16,Jeollanam-do,1,0,0,1
22/02/2020,16,Gyeongsangbuk-do,145,1,3,117
22/02/2020,16,Gyeongsangnam-do,7,0,0,0
22/02/2020,16,Jeju-do,1,0,0,0
23/02/2020,16,Seoul,31,6,0,1
23/02/2020,16,Busan,19,0,0,8
23/02/2020,16,Daegu,310,0,1,117
23/02/2020,16,Incheon,2,1,0,0
23/02/2020,16,Gwangju,8,2,0,2
23/02/2020,16,Daejeon,3,0,0,1
23/02/2020,16,Ulsan,1,0,0,0
23/02/2020,16,Sejong,1,0,0,0
23/02/2020,16,Gyeonggi-do,24,7,0,4
23/02/2020,16,Gangwon-do,6,0,0,0
23/02/2020,16,Chungcheongbuk-do,3,0,0,0
23/02/2020,16,Chungcheongnam-do,1,0,0,0
23/02/2020,16,Jeollabuk-do,3,1,0,0
23/02/2020,16,Jeollanam-do,1,0,0,0
23/02/2020,16,Gyeongsangbuk-do,170,1,3,25
23/02/2020,16,Gyeongsangnam-do,17,0,0,10
23/02/2020,16,Jeju-do,2,0,0,1
24/02/2020,16,Seoul,35,6,0,4
24/02/2020,16,Busan,34,0,0,15
24/02/2020,16,Daegu,483,0,2,173
24/02/2020,16,Incheon,2,1,0,0
24/02/2020,16,Gwangju,9,2,0,1
24/02/2020,16,Daejeon,3,0,0,0
24/02/2020,16,Ulsan,2,0,0,1
24/02/2020,16,Sejong,1,0,0,0
24/02/2020,16,Gyeonggi-do,35,7,0,11
24/02/2020,16,Gangwon-do,6,0,0,0
24/02/2020,16,Chungcheongbuk-do,3,0,0,0
24/02/2020,16,Chungcheongnam-do,1,0,0,0
24/02/2020,16,Jeollabuk-do,3,1,0,0
24/02/2020,16,Jeollanam-do,1,0,0,0
24/02/2020,16,Gyeongsangbuk-do,193,1,6,23
24/02/2020,16,Gyeongsangnam-do,20,0,0,3
24/02/2020,16,Jeju-do,2,0,0,0
25/02/2020,16,Seoul,41,8,0,6
25/02/2020,16,Busan,42,0,0,8
25/02/2020,16,Daegu,543,0,6,60
25/02/2020,16,Incheon,2,1,0,0
25/02/2020,16,Gwangju,9,2,0,0
25/02/2020,16,Daejeon,3,0,0,0
25/02/2020,16,Ulsan,3,0,0,1
25/02/2020,16,Sejong,1,0,0,0
25/02/2020,16,Gyeonggi-do,42,8,0,7
25/02/2020,16,Gangwon-do,6,0,0,0
25/02/2020,16,Chungcheongbuk-do,5,0,0,2
25/02/2020,16,Chungcheongnam-do,2,0,0,1
25/02/2020,16,Jeollabuk-do,3,1,0,0
25/02/2020,16,Jeollanam-do,1,0,0,0
25/02/2020,16,Gyeongsangbuk-do,249,1,6,56
25/02/2020,16,Gyeongsangnam-do,23,0,0,3
25/02/2020,16,Jeju-do,2,0,0,0
26/02/2020,16,Seoul,49,8,0,8
26/02/2020,16,Busan,58,0,0,16
26/02/2020,16,Daegu,710,1,6,167
26/02/2020,16,Incheon,3,1,0,1
26/02/2020,16,Gwangju,9,2,0,0
26/02/2020,16,Daejeon,5,0,0,2
26/02/2020,16,Ulsan,4,0,0,1
26/02/2020,16,Sejong,1,0,0,0
26/02/2020,16,Gyeonggi-do,51,8,1,9
26/02/2020,16,Gangwon-do,6,0,0,0
26/02/2020,16,Chungcheongbuk-do,5,0,0,0
26/02/2020,16,Chungcheongnam-do,3,0,0,1
26/02/2020,16,Jeollabuk-do,3,1,0,0
26/02/2020,16,Jeollanam-do,1,0,0,0
26/02/2020,16,Gyeongsangbuk-do,317,1,6,68
26/02/2020,16,Gyeongsangnam-do,34,0,0,11
26/02/2020,16,Jeju-do,2,0,0,0
27/02/2020,16,Seoul,56,8,0,7
27/02/2020,16,Busan,61,0,0,3
27/02/2020,16,Daegu,1132,2,6,422
27/02/2020,16,Incheon,3,1,0,0
27/02/2020,16,Gwangju,9,2,0,0
27/02/2020,16,Daejeon,9,0,0,4
27/02/2020,16,Ulsan,11,0,0,7
27/02/2020,16,Sejong,1,0,0,0
27/02/2020,16,Gyeonggi-do,62,8,1,11
27/02/2020,16,Gangwon-do,6,0,0,0
27/02/2020,16,Chungcheongbuk-do,8,0,0,3
27/02/2020,16,Chungcheongnam-do,12,0,0,9
27/02/2020,16,Jeollabuk-do,5,1,0,2
27/02/2020,16,Jeollanam-do,1,0,0,0
27/02/2020,16,Gyeongsangbuk-do,345,1,6,28
27/02/2020,16,Gyeongsangnam-do,43,0,0,9
27/02/2020,16,Jeju-do,2,0,0,0
28/02/2020,16,Seoul,62,9,0,6
28/02/2020,16,Busan,65,0,0,4
28/02/2020,16,Daegu,1580,3,6,448
28/02/2020,16,Incheon,4,1,0,1
28/02/2020,16,Gwangju,9,2,0,0
28/02/2020,16,Daejeon,13,0,0,4
28/02/2020,16,Ulsan,14,0,0,3
28/02/2020,16,Sejong,1,0,0,0
28/02/2020,16,Gyeonggi-do,72,8,1,10
28/02/2020,16,Gangwon-do,7,0,0,1
28/02/2020,16,Chungcheongbuk-do,9,0,0,1
28/02/2020,16,Chungcheongnam-do,35,0,0,23
28/02/2020,16,Jeollabuk-do,5,1,0,0
28/02/2020,16,Jeollanam-do,1,0,0,0
28/02/2020,16,Gyeongsangbuk-do,409,1,6,64
28/02/2020,16,Gyeongsangnam-do,49,1,0,6
28/02/2020,16,Jeju-do,2,0,0,0
29/02/2020,16,Seoul,77,9,0,15
29/02/2020,16,Busan,80,0,0,15
29/02/2020,16,Daegu,2236,3,10,656
29/02/2020,16,Incheon,6,1,0,2
29/02/2020,16,Gwangju,9,2,0,0
29/02/2020,16,Daejeon,13,0,0,0
29/02/2020,16,Ulsan,17,0,0,3
29/02/2020,16,Sejong,1,0,0,0
29/02/2020,16,Gyeonggi-do,82,8,1,10
29/02/2020,16,Gangwon-do,7,0,0,0
29/02/2020,16,Chungcheongbuk-do,10,0,0,1
29/02/2020,16,Chungcheongnam-do,55,0,0,20
29/02/2020,16,Jeollabuk-do,5,1,0,0
29/02/2020,16,Jeollanam-do,3,0,0,2
29/02/2020,16,Gyeongsangbuk-do,488,1,6,79
29/02/2020,16,Gyeongsangnam-do,59,1,0,10
29/02/2020,16,Jeju-do,2,0,0,0
1/03/2020,16,Seoul,87,11,0,10
1/03/2020,16,Busan,83,0,0,3
1/03/2020,16,Daegu,2704,6,11,468
1/03/2020,16,Incheon,6,1,0,0
1/03/2020,16,Gwangju,9,2,0,0
1/03/2020,16,Daejeon,13,0,0,0
1/03/2020,16,Ulsan,20,0,0,3
1/03/2020,16,Sejong,1,0,0,0
1/03/2020,16,Gyeonggi-do,89,8,1,7
1/03/2020,16,Gangwon-do,15,0,0,8
1/03/2020,16,Chungcheongbuk-do,11,0,0,1
1/03/2020,16,Chungcheongnam-do,68,0,0,13
1/03/2020,16,Jeollabuk-do,6,1,0,1
1/03/2020,16,Jeollanam-do,3,0,0,0
1/03/2020,16,Gyeongsangbuk-do,556,1,6,68
1/03/2020,16,Gyeongsangnam-do,63,1,0,4
1/03/2020,16,Jeju-do,2,0,0,0
2/03/2020,0,Seoul,91,12,0,4
2/03/2020,0,Busan,88,1,0,5
2/03/2020,0,Daegu,3081,7,15,377
2/03/2020,0,Incheon,7,1,0,1
2/03/2020,0,Gwangju,9,2,0,0
2/03/2020,0,Daejeon,14,0,0,1
2/03/2020,0,Ulsan,20,0,0,0
2/03/2020,0,Sejong,1,0,0,0
2/03/2020,0,Gyeonggi-do,92,8,1,3
2/03/2020,0,Gangwon-do,19,0,0,4
2/03/2020,0,Chungcheongbuk-do,11,0,0,0
2/03/2020,0,Chungcheongnam-do,78,0,0,10
2/03/2020,0,Jeollabuk-do,6,1,0,0
2/03/2020,0,Jeollanam-do,5,0,0,2
2/03/2020,0,Gyeongsangbuk-do,624,1,6,68
2/03/2020,0,Gyeongsangnam-do,64,1,0,1
2/03/2020,0,Jeju-do,2,0,0,0
3/03/2020,0,Seoul,98,13,0,7
3/03/2020,0,Busan,90,1,0,2
3/03/2020,0,Daegu,3601,9,21,520
3/03/2020,0,Incheon,7,1,0,0
3/03/2020,0,Gwangju,11,2,0,2
3/03/2020,0,Daejeon,14,0,0,0
3/03/2020,0,Ulsan,20,0,0,0
3/03/2020,0,Sejong,1,0,0,0
3/03/2020,0,Gyeonggi-do,94,8,1,2
3/03/2020,0,Gangwon-do,20,0,0,1
3/03/2020,0,Chungcheongbuk-do,11,0,0,0
3/03/2020,0,Chungcheongnam-do,81,0,0,3
3/03/2020,0,Jeollabuk-do,7,1,0,1
3/03/2020,0,Jeollanam-do,5,0,0,0
3/03/2020,0,Gyeongsangbuk-do,685,1,6,61
3/03/2020,0,Gyeongsangnam-do,64,1,0,0
3/03/2020,0,Jeju-do,3,0,0,1
4/03/2020,0,Seoul,99,19,0,1
4/03/2020,0,Busan,92,2,0,2
4/03/2020,0,Daegu,4007,11,25,406
4/03/2020,0,Incheon,9,2,0,2
4/03/2020,0,Gwangju,13,2,0,2
4/03/2020,0,Daejeon,15,0,0,1
4/03/2020,0,Ulsan,23,0,0,3
4/03/2020,0,Sejong,1,0,0,0
4/03/2020,0,Gyeonggi-do,101,9,1,7
4/03/2020,0,Gangwon-do,21,0,0,1
4/03/2020,0,Chungcheongbuk-do,11,0,0,0
4/03/2020,0,Chungcheongnam-do,82,0,0,1
4/03/2020,0,Jeollabuk-do,7,1,0,0
4/03/2020,0,Jeollanam-do,4,0,0,-1
4/03/2020,0,Gyeongsangbuk-do,774,4,6,89
4/03/2020,0,Gyeongsangnam-do,65,2,0,1
4/03/2020,0,Jeju-do,3,0,0,0
5/03/2020,0,Seoul,103,25,0,4
5/03/2020,0,Busan,92,2,0,0
5/03/2020,0,Daegu,4328,14,27,321
5/03/2020,0,Incheon,9,2,0,0
5/03/2020,0,Gwangju,13,3,0,0
5/03/2020,0,Daejeon,16,0,0,1
5/03/2020,0,Ulsan,23,0,0,0
5/03/2020,0,Sejong,1,0,0,0
5/03/2020,0,Gyeonggi-do,110,10,1,9
5/03/2020,0,Gangwon-do,23,3,0,2
5/03/2020,0,Chungcheongbuk-do,12,1,0,1
5/03/2020,0,Chungcheongnam-do,86,0,0,4
5/03/2020,0,Jeollabuk-do,7,2,0,0
5/03/2020,0,Jeollanam-do,4,0,0,0
5/03/2020,0,Gyeongsangbuk-do,861,23,6,87
5/03/2020,0,Gyeongsangnam-do,74,3,0,9
5/03/2020,0,Jeju-do,4,0,0,1
6/03/2020,0,Seoul,105,25,0,2
6/03/2020,0,Busan,95,2,0,3
6/03/2020,0,Daegu,4694,15,30,366
6/03/2020,0,Incheon,9,2,0,0
6/03/2020,0,Gwangju,13,3,0,0
6/03/2020,0,Daejeon,18,0,0,2
6/03/2020,0,Ulsan,23,1,0,0
6/03/2020,0,Sejong,1,0,0,0
6/03/2020,0,Gyeonggi-do,120,14,1,10
6/03/2020,0,Gangwon-do,25,3,0,2
6/03/2020,0,Chungcheongbuk-do,15,1,0,3
6/03/2020,0,Chungcheongnam-do,90,0,0,4
6/03/2020,0,Jeollabuk-do,7,2,0,0
6/03/2020,0,Jeollanam-do,4,0,0,0
6/03/2020,0,Gyeongsangbuk-do,984,36,10,123
6/03/2020,0,Gyeongsangnam-do,77,4,0,3
6/03/2020,0,Jeju-do,4,0,0,0
7/03/2020,0,Seoul,108,27,0,3
7/03/2020,0,Busan,96,2,0,1
7/03/2020,0,Daegu,5084,18,31,390
7/03/2020,0,Incheon,9,2,0,0
7/03/2020,0,Gwangju,13,3,0,0
7/03/2020,0,Daejeon,18,0,0,0
7/03/2020,0,Ulsan,23,1,0,0
7/03/2020,0,Sejong,2,0,0,1
7/03/2020,0,Gyeonggi-do,130,14,1,10
7/03/2020,0,Gangwon-do,26,3,1,1
7/03/2020,0,Chungcheongbuk-do,20,1,0,5
7/03/2020,0,Chungcheongnam-do,92,0,0,2
7/03/2020,0,Jeollabuk-do,7,2,0,0
7/03/2020,0,Jeollanam-do,4,0,0,0
7/03/2020,0,Gyeongsangbuk-do,1049,41,10,65
7/03/2020,0,Gyeongsangnam-do,82,4,0,5
7/03/2020,0,Jeju-do,4,0,0,0
8/03/2020,0,Seoul,120,28,0,12
8/03/2020,0,Busan,96,9,0,0
8/03/2020,0,Daegu,5381,18,35,297
8/03/2020,0,Incheon,9,2,0,0
8/03/2020,0,Gwangju,13,3,0,0
8/03/2020,0,Daejeon,18,1,0,0
8/03/2020,0,Ulsan,24,1,0,1
8/03/2020,0,Sejong,3,0,0,1
8/03/2020,0,Gyeonggi-do,141,16,1,11
8/03/2020,0,Gangwon-do,27,3,1,1
8/03/2020,0,Chungcheongbuk-do,24,1,0,4
8/03/2020,0,Chungcheongnam-do,98,0,0,6
8/03/2020,0,Jeollabuk-do,7,2,0,0
8/03/2020,0,Jeollanam-do,4,0,0,0
8/03/2020,0,Gyeongsangbuk-do,1082,42,13,33
8/03/2020,0,Gyeongsangnam-do,83,4,0,1
8/03/2020,0,Jeju-do,4,0,0,0
9/03/2020,0,Seoul,130,29,0,10
9/03/2020,0,Busan,96,10,0,0
9/03/2020,0,Daegu,5571,21,35,190
9/03/2020,0,Incheon,9,2,0,0
9/03/2020,0,Gwangju,15,3,0,2
9/03/2020,0,Daejeon,18,1,0,0
9/03/2020,0,Ulsan,24,1,0,0
9/03/2020,0,Sejong,6,0,0,3
9/03/2020,0,Gyeonggi-do,153,22,1,12
9/03/2020,0,Gangwon-do,28,3,1,1
9/03/2020,0,Chungcheongbuk-do,25,3,0,1
9/03/2020,0,Chungcheongnam-do,102,1,0,4
9/03/2020,0,Jeollabuk-do,7,2,0,0
9/03/2020,0,Jeollanam-do,4,1,0,0
9/03/2020,0,Gyeongsangbuk-do,1107,57,14,25
9/03/2020,0,Gyeongsangnam-do,83,9,0,0
9/03/2020,0,Jeju-do,4,1,0,0
10/03/2020,0,Seoul,141,31,0,11
10/03/2020,0,Busan,96,10,0,0
10/03/2020,0,Daegu,5663,92,38,92
10/03/2020,0,Incheon,13,3,0,4
10/03/2020,0,Gwangju,15,3,0,0
10/03/2020,0,Daejeon,18,1,0,0
10/03/2020,0,Ulsan,24,1,0,0
10/03/2020,0,Sejong,8,0,0,2
10/03/2020,0,Gyeonggi-do,163,22,1,10
10/03/2020,0,Gangwon-do,28,6,1,0
10/03/2020,0,Chungcheongbuk-do,25,3,0,0
10/03/2020,0,Chungcheongnam-do,104,1,0,2
10/03/2020,0,Jeollabuk-do,7,2,0,0
10/03/2020,0,Jeollanam-do,4,1,0,0
10/03/2020,0,Gyeongsangbuk-do,1117,60,14,10
10/03/2020,0,Gyeongsangnam-do,83,10,0,0
10/03/2020,0,Jeju-do,4,1,0,0
11/03/2020,0,Seoul,193,37,0,52
11/03/2020,0,Busan,98,21,0,2
11/03/2020,0,Daegu,5794,102,44,131
11/03/2020,0,Incheon,25,3,0,12
11/03/2020,0,Gwangju,15,3,0,0
11/03/2020,0,Daejeon,18,2,0,0
11/03/2020,0,Ulsan,25,2,0,1
11/03/2020,0,Sejong,10,0,0,2
11/03/2020,0,Gyeonggi-do,175,25,1,12
11/03/2020,0,Gangwon-do,29,6,1,1
11/03/2020,0,Chungcheongbuk-do,27,3,0,2
11/03/2020,0,Chungcheongnam-do,112,1,0,8
11/03/2020,0,Jeollabuk-do,7,2,0,0
11/03/2020,0,Jeollanam-do,4,1,0,0
11/03/2020,0,Gyeongsangbuk-do,1135,69,14,18
11/03/2020,0,Gyeongsangnam-do,84,10,0,1
11/03/2020,0,Jeju-do,4,1,0,0
12/03/2020,0,Seoul,212,38,0,19
12/03/2020,0,Busan,99,29,0,1
12/03/2020,0,Daegu,5867,114,48,73
12/03/2020,0,Incheon,25,4,0,0
12/03/2020,0,Gwangju,15,4,0,0
12/03/2020,0,Daejeon,20,2,0,2
12/03/2020,0,Ulsan,25,3,0,0
12/03/2020,0,Sejong,15,0,0,5
12/03/2020,0,Gyeonggi-do,178,27,1,3
12/03/2020,0,Gangwon-do,29,6,1,0
12/03/2020,0,Chungcheongbuk-do,27,4,0,0
12/03/2020,0,Chungcheongnam-do,114,5,0,2
12/03/2020,0,Jeollabuk-do,7,2,0,0
12/03/2020,0,Jeollanam-do,4,1,0,0
12/03/2020,0,Gyeongsangbuk-do,1143,83,16,8
12/03/2020,0,Gyeongsangnam-do,85,10,0,1
12/03/2020,0,Jeju-do,4,1,0,0
13/03/2020,0,Seoul,225,40,0,13
13/03/2020,0,Busan,100,36,0,1
13/03/2020,0,Daegu,5928,251,48,61
13/03/2020,0,Incheon,27,4,0,2
13/03/2020,0,Gwangju,15,4,0,0
13/03/2020,0,Daejeon,22,4,0,2
13/03/2020,0,Ulsan,27,3,0,2
13/03/2020,0,Sejong,32,0,0,17
13/03/2020,0,Gyeonggi-do,185,31,2,7
13/03/2020,0,Gangwon-do,29,6,1,0
13/03/2020,0,Chungcheongbuk-do,27,4,0,0
13/03/2020,0,Chungcheongnam-do,115,7,0,1
13/03/2020,0,Jeollabuk-do,7,4,0,0
13/03/2020,0,Jeollanam-do,4,1,0,0
13/03/2020,0,Gyeongsangbuk-do,1147,103,16,4
13/03/2020,0,Gyeongsangnam-do,85,11,0,0
13/03/2020,0,Jeju-do,4,1,0,0
14/03/2020,0,Seoul,238,44,0,13
14/03/2020,0,Busan,103,40,0,3
14/03/2020,0,Daegu,5990,401,51,62
14/03/2020,0,Incheon,28,4,0,1
14/03/2020,0,Gwangju,15,4,0,0
14/03/2020,0,Daejeon,22,4,0,0
14/03/2020,0,Ulsan,27,5,0,0
14/03/2020,0,Sejong,38,0,0,6
14/03/2020,0,Gyeonggi-do,200,36,3,15
14/03/2020,0,Gangwon-do,29,6,1,0
14/03/2020,0,Chungcheongbuk-do,28,5,0,1
14/03/2020,0,Chungcheongnam-do,115,9,0,0
14/03/2020,0,Jeollabuk-do,7,4,0,0
14/03/2020,0,Jeollanam-do,4,2,0,0
14/03/2020,0,Gyeongsangbuk-do,1153,138,17,6
14/03/2020,0,Gyeongsangnam-do,85,11,0,0
14/03/2020,0,Jeju-do,4,1,0,0
15/03/2020,0,Seoul,247,47,0,9
15/03/2020,0,Busan,106,52,1,3
15/03/2020,0,Daegu,6031,468,53,41
15/03/2020,0,Incheon,30,4,0,2
15/03/2020,0,Gwangju,16,4,0,1
15/03/2020,0,Daejeon,22,4,0,0
15/03/2020,0,Ulsan,28,6,0,1
15/03/2020,0,Sejong,39,0,0,1
15/03/2020,0,Gyeonggi-do,211,40,3,11
15/03/2020,0,Gangwon-do,29,7,1,0
15/03/2020,0,Chungcheongbuk-do,31,6,0,3
15/03/2020,0,Chungcheongnam-do,115,10,0,0
15/03/2020,0,Jeollabuk-do,7,4,0,0
15/03/2020,0,Jeollanam-do,4,2,0,0
15/03/2020,0,Gyeongsangbuk-do,1157,163,17,4
15/03/2020,0,Gyeongsangnam-do,85,16,0,0
15/03/2020,0,Jeju-do,4,1,0,0
16/03/2020,0,Seoul,253,52,0,6
16/03/2020,0,Busan,107,53,1,1
16/03/2020,0,Daegu,6066,734,53,35
16/03/2020,0,Incheon,30,4,0,0
16/03/2020,0,Gwangju,16,4,0,0
16/03/2020,0,Daejeon,22,4,0,0
16/03/2020,0,Ulsan,28,7,0,0
16/03/2020,0,Sejong,40,0,0,1
16/03/2020,0,Gyeonggi-do,231,48,3,20
16/03/2020,0,Gangwon-do,29,7,1,0
16/03/2020,0,Chungcheongbuk-do,31,6,0,0
16/03/2020,0,Chungcheongnam-do,115,12,0,0
16/03/2020,0,Jeollabuk-do,7,4,0,0
16/03/2020,0,Jeollanam-do,4,2,0,0
16/03/2020,0,Gyeongsangbuk-do,1164,178,17,7
16/03/2020,0,Gyeongsangnam-do,85,20,0,0
16/03/2020,0,Jeju-do,4,2,0,0
17/03/2020,0,Seoul,265,55,0,12
17/03/2020,0,Busan,107,54,1,0
17/03/2020,0,Daegu,6098,947,57,32
17/03/2020,0,Incheon,31,5,0,1
17/03/2020,0,Gwangju,16,6,0,0
17/03/2020,0,Daejeon,22,4,0,0
17/03/2020,0,Ulsan,28,8,0,0
17/03/2020,0,Sejong,40,0,0,0
17/03/2020,0,Gyeonggi-do,262,55,3,31
17/03/2020,0,Gangwon-do,29,8,1,0
17/03/2020,0,Chungcheongbuk-do,31,5,0,0
17/03/2020,0,Chungcheongnam-do,115,15,0,0
17/03/2020,0,Jeollabuk-do,7,4,0,0
17/03/2020,0,Jeollanam-do,4,2,0,0
17/03/2020,0,Gyeongsangbuk-do,1169,209,19,5
17/03/2020,0,Gyeongsangnam-do,86,22,0,1
17/03/2020,0,Jeju-do,4,2,0,0
18/03/2020,0,Seoul,270,55,0,5
18/03/2020,0,Busan,107,58,1,0
18/03/2020,0,Daegu,6144,1048,58,46
18/03/2020,0,Incheon,32,5,0,1
18/03/2020,0,Gwangju,17,6,0,1
18/03/2020,0,Daejeon,22,4,0,0
18/03/2020,0,Ulsan,30,9,0,2
18/03/2020,0,Sejong,41,0,0,1
18/03/2020,0,Gyeonggi-do,277,59,3,15
18/03/2020,0,Gangwon-do,30,8,1,1
18/03/2020,0,Chungcheongbuk-do,32,5,0,1
18/03/2020,0,Chungcheongnam-do,118,16,0,3
18/03/2020,0,Jeollabuk-do,9,5,0,2
18/03/2020,0,Jeollanam-do,5,2,0,1
18/03/2020,0,Gyeongsangbuk-do,1178,235,21,9
18/03/2020,0,Gyeongsangnam-do,86,23,0,0
18/03/2020,0,Jeju-do,4,2,0,0
19/03/2020,0,Seoul,282,58,0,12
19/03/2020,0,Busan,107,58,1,0
19/03/2020,0,Daegu,6241,1382,65,97
19/03/2020,0,Incheon,32,6,0,0
19/03/2020,0,Gwangju,17,7,0,0
19/03/2020,0,Daejeon,22,4,0,0
19/03/2020,0,Ulsan,36,9,0,6
19/03/2020,0,Sejong,41,0,0,0
19/03/2020,0,Gyeonggi-do,295,64,3,18
19/03/2020,0,Gangwon-do,30,9,1,0
19/03/2020,0,Chungcheongbuk-do,33,5,0,1
19/03/2020,0,Chungcheongnam-do,118,31,0,0
19/03/2020,0,Jeollabuk-do,10,5,0,1
19/03/2020,0,Jeollanam-do,5,3,0,0
19/03/2020,0,Gyeongsangbuk-do,1190,275,21,12
19/03/2020,0,Gyeongsangnam-do,86,29,0,0
19/03/2020,0,Jeju-do,4,2,0,0
20/03/2020,0,Seoul,299,64,0,17
20/03/2020,0,Busan,108,60,1,1
20/03/2020,0,Daegu,6275,1577,67,34
20/03/2020,0,Incheon,36,7,0,4
20/03/2020,0,Gwangju,18,10,0,1
20/03/2020,0,Daejeon,22,5,0,0
20/03/2020,0,Ulsan,36,11,0,0
20/03/2020,0,Sejong,41,0,0,0
20/03/2020,0,Gyeonggi-do,309,66,3,14
20/03/2020,0,Gangwon-do,30,10,1,0
20/03/2020,0,Chungcheongbuk-do,33,6,0,0
20/03/2020,0,Chungcheongnam-do,119,32,0,1
20/03/2020,0,Jeollabuk-do,10,7,0,0
20/03/2020,0,Jeollanam-do,5,3,0,0
20/03/2020,0,Gyeongsangbuk-do,1203,340,22,13
20/03/2020,0,Gyeongsangnam-do,87,33,0,1
20/03/2020,0,Jeju-do,4,2,0,0
21/03/2020,0,Seoul,314,64,0,15
21/03/2020,0,Busan,108,67,1,0
21/03/2020,0,Daegu,6344,1861,73,69
21/03/2020,0,Incheon,40,7,0,4
21/03/2020,0,Gwangju,18,10,0,0
21/03/2020,0,Daejeon,22,5,0,0
21/03/2020,0,Ulsan,36,11,0,0
21/03/2020,0,Sejong,41,2,0,0
21/03/2020,0,Gyeonggi-do,321,79,3,12
21/03/2020,0,Gangwon-do,30,12,1,0
21/03/2020,0,Chungcheongbuk-do,34,8,0,1
21/03/2020,0,Chungcheongnam-do,119,39,0,0
21/03/2020,0,Jeollabuk-do,10,7,0,0
21/03/2020,0,Jeollanam-do,5,3,0,0
21/03/2020,0,Gyeongsangbuk-do,1243,395,24,40
21/03/2020,0,Gyeongsangnam-do,87,40,0,0
21/03/2020,0,Jeju-do,4,2,0,0
22/03/2020,0,Seoul,324,64,0,10
22/03/2020,0,Busan,108,69,1,0
22/03/2020,0,Daegu,6387,2107,75,43
22/03/2020,0,Incheon,40,8,0,0
22/03/2020,0,Gwangju,19,10,0,1
22/03/2020,0,Daejeon,24,6,0,2
22/03/2020,0,Ulsan,36,12,0,0
22/03/2020,0,Sejong,41,3,0,0
22/03/2020,0,Gyeonggi-do,337,82,3,16
22/03/2020,0,Gangwon-do,30,13,1,0
22/03/2020,0,Chungcheongbuk-do,35,9,0,1
22/03/2020,0,Chungcheongnam-do,120,39,0,1
22/03/2020,0,Jeollabuk-do,10,7,0,0
22/03/2020,0,Jeollanam-do,6,3,0,1
22/03/2020,0,Gyeongsangbuk-do,1254,432,24,11
22/03/2020,0,Gyeongsangnam-do,88,42,0,1
22/03/2020,0,Jeju-do,4,3,0,0
23/03/2020,0,Seoul,330,64,0,6
23/03/2020,0,Busan,109,71,1,1
23/03/2020,0,Daegu,6411,2305,82,24
23/03/2020,0,Incheon,40,8,0,0
23/03/2020,0,Gwangju,19,10,0,0
23/03/2020,0,Daejeon,24,6,0,0
23/03/2020,0,Ulsan,36,17,0,0
23/03/2020,0,Sejong,42,3,0,1
23/03/2020,0,Gyeonggi-do,351,88,3,14
23/03/2020,0,Gangwon-do,30,14,1,0
23/03/2020,0,Chungcheongbuk-do,37,9,0,2
23/03/2020,0,Chungcheongnam-do,120,44,0,0
23/03/2020,0,Jeollabuk-do,10,7,0,0
23/03/2020,0,Jeollanam-do,6,3,0,0
23/03/2020,0,Gyeongsangbuk-do,1256,469,24,2
23/03/2020,0,Gyeongsangnam-do,89,45,0,1
23/03/2020,0,Jeju-do,4,3,0,0
24/03/2020,0,Seoul,334,72,0,4
24/03/2020,0,Busan,111,71,1,2
24/03/2020,0,Daegu,6442,2571,88,31
24/03/2020,0,Incheon,41,8,0,1
24/03/2020,0,Gwangju,19,11,0,0
24/03/2020,0,Daejeon,24,6,0,0
24/03/2020,0,Ulsan,36,18,0,0
24/03/2020,0,Sejong,42,3,0,0
24/03/2020,0,Gyeonggi-do,366,97,4,15
24/03/2020,0,Gangwon-do,30,14,1,0
24/03/2020,0,Chungcheongbuk-do,38,11,0,1
24/03/2020,0,Chungcheongnam-do,120,56,0,0
24/03/2020,0,Jeollabuk-do,10,7,0,0
24/03/2020,0,Jeollanam-do,6,3,0,0
24/03/2020,0,Gyeongsangbuk-do,1257,507,26,1
24/03/2020,0,Gyeongsangnam-do,90,48,0,1
24/03/2020,0,Jeju-do,4,4,0,0
25/03/2020,0,Seoul,347,72,0,13
25/03/2020,0,Busan,112,73,1,1
25/03/2020,0,Daegu,6456,2740,92,14
25/03/2020,0,Incheon,42,10,0,1
25/03/2020,0,Gwangju,19,11,0,0
25/03/2020,0,Daejeon,24,6,0,0
25/03/2020,0,Ulsan,37,19,0,1
25/03/2020,0,Sejong,44,3,0,2
25/03/2020,0,Gyeonggi-do,387,100,4,21
25/03/2020,0,Gangwon-do,31,15,1,1
25/03/2020,0,Chungcheongbuk-do,38,13,0,0
25/03/2020,0,Chungcheongnam-do,123,65,0,3
25/03/2020,0,Jeollabuk-do,10,7,0,0
25/03/2020,0,Jeollanam-do,8,3,0,2
25/03/2020,0,Gyeongsangbuk-do,1262,538,28,5
25/03/2020,0,Gyeongsangnam-do,90,51,0,0
25/03/2020,0,Jeju-do,6,4,0,2
26/03/2020,0,Seoul,360,80,0,13
26/03/2020,0,Busan,112,75,2,0
26/03/2020,0,Daegu,6482,3039,94,26
26/03/2020,0,Incheon,43,11,0,1
26/03/2020,0,Gwangju,19,11,0,0
26/03/2020,0,Daejeon,30,6,0,6
26/03/2020,0,Ulsan,37,20,0,0
26/03/2020,0,Sejong,44,8,0,0
26/03/2020,0,Gyeonggi-do,401,122,4,14
26/03/2020,0,Gangwon-do,31,18,1,0
26/03/2020,0,Chungcheongbuk-do,39,14,0,1
26/03/2020,0,Chungcheongnam-do,124,68,0,1
26/03/2020,0,Jeollabuk-do,10,7,0,0
26/03/2020,0,Jeollanam-do,8,3,0,0
26/03/2020,0,Gyeongsangbuk-do,1274,601,30,12
26/03/2020,0,Gyeongsangnam-do,90,57,0,0
26/03/2020,0,Jeju-do,6,4,0,0
27/03/2020,0,Seoul,372,89,0,12
27/03/2020,0,Busan,113,81,2,1
27/03/2020,0,Daegu,6516,3324,98,34
27/03/2020,0,Incheon,46,13,0,3
27/03/2020,0,Gwangju,20,11,0,1
27/03/2020,0,Daejeon,31,9,0,1
27/03/2020,0,Ulsan,39,20,0,2
27/03/2020,0,Sejong,44,9,0,0
27/03/2020,0,Gyeonggi-do,412,131,4,11
27/03/2020,0,Gangwon-do,31,20,1,0
27/03/2020,0,Chungcheongbuk-do,41,17,0,2
27/03/2020,0,Chungcheongnam-do,124,78,0,0
27/03/2020,0,Jeollabuk-do,10,7,0,0
27/03/2020,0,Jeollanam-do,8,3,0,0
27/03/2020,0,Gyeongsangbuk-do,1283,650,34,9
27/03/2020,0,Gyeongsangnam-do,91,62,0,1
27/03/2020,0,Jeju-do,7,4,0,1
28/03/2020,0,Seoul,390,93,0,18
28/03/2020,0,Busan,114,81,2,1
28/03/2020,0,Daegu,6587,3543,101,71
28/03/2020,0,Incheon,51,14,0,5
28/03/2020,0,Gwangju,20,11,0,0
28/03/2020,0,Daejeon,31,10,0,0
28/03/2020,0,Ulsan,39,19,0,0
28/03/2020,0,Sejong,44,9,0,0
28/03/2020,0,Gyeonggi-do,433,140,5,21
28/03/2020,0,Gangwon-do,32,20,1,1
28/03/2020,0,Chungcheongbuk-do,41,21,0,0
28/03/2020,0,Chungcheongnam-do,126,81,0,2
28/03/2020,0,Jeollabuk-do,10,7,0,0
28/03/2020,0,Jeollanam-do,8,3,0,0
28/03/2020,0,Gyeongsangbuk-do,1285,692,35,2
28/03/2020,0,Gyeongsangnam-do,91,63,0,0
28/03/2020,0,Jeju-do,8,4,0,1
29/03/2020,0,Seoul,410,93,0,20
29/03/2020,0,Busan,117,85,3,3
29/03/2020,0,Daegu,6610,3706,106,23
29/03/2020,0,Incheon,58,15,0,7
29/03/2020,0,Gwangju,20,11,0,0
29/03/2020,0,Daejeon,34,14,0,3
29/03/2020,0,Ulsan,39,19,0,0
29/03/2020,0,Sejong,46,11,0,2
29/03/2020,0,Gyeonggi-do,448,144,5,15
29/03/2020,0,Gangwon-do,34,21,1,2
29/03/2020,0,Chungcheongbuk-do,41,21,0,0
29/03/2020,0,Chungcheongnam-do,127,83,0,1
29/03/2020,0,Jeollabuk-do,12,7,0,2
29/03/2020,0,Jeollanam-do,9,3,0,1
29/03/2020,0,Gyeongsangbuk-do,1287,732,37,2
29/03/2020,0,Gyeongsangnam-do,94,64,0,3
29/03/2020,0,Jeju-do,8,4,0,0
30/03/2020,0,Seoul,426,92,0,16
30/03/2020,0,Busan,118,87,3,1
30/03/2020,0,Daegu,6624,3837,111,14
30/03/2020,0,Incheon,58,15,0,0
30/03/2020,0,Gwangju,20,13,0,0
30/03/2020,0,Daejeon,34,17,0,0
30/03/2020,0,Ulsan,39,19,0,0
30/03/2020,0,Sejong,46,12,0,0
30/03/2020,0,Gyeonggi-do,463,160,5,15
30/03/2020,0,Gangwon-do,36,21,1,2
30/03/2020,0,Chungcheongbuk-do,44,21,0,3
30/03/2020,0,Chungcheongnam-do,127,83,0,0
30/03/2020,0,Jeollabuk-do,13,7,0,1
30/03/2020,0,Jeollanam-do,9,3,0,0
30/03/2020,0,Gyeongsangbuk-do,1298,772,38,11
30/03/2020,0,Gyeongsangnam-do,95,65,0,1
30/03/2020,0,Jeju-do,9,4,0,1
31/03/2020,0,Seoul,450,107,0,24
31/03/2020,0,Busan,119,87,3,1
31/03/2020,0,Daegu,6684,3946,114,60
31/03/2020,0,Incheon,64,16,0,6
31/03/2020,0,Gwangju,20,14,0,0
31/03/2020,0,Daejeon,36,18,0,2
31/03/2020,0,Ulsan,39,19,0,0
31/03/2020,0,Sejong,46,12,0,0
31/03/2020,0,Gyeonggi-do,476,166,6,13
31/03/2020,0,Gangwon-do,36,23,1,0
31/03/2020,0,Chungcheongbuk-do,44,22,0,0
31/03/2020,0,Chungcheongnam-do,128,90,0,1
31/03/2020,0,Jeollabuk-do,13,7,0,0
31/03/2020,0,Jeollanam-do,9,3,0,0
31/03/2020,0,Gyeongsangbuk-do,1300,808,38,2
31/03/2020,0,Gyeongsangnam-do,96,67,0,1
31/03/2020,0,Jeju-do,9,3,0,0
1/04/2020,0,Seoul,474,117,0,24
1/04/2020,0,Busan,122,87,3,3
1/04/2020,0,Daegu,6704,4070,115,20
1/04/2020,0,Incheon,69,19,0,5
1/04/2020,0,Gwangju,24,14,0,4
1/04/2020,0,Daejeon,36,18,0,0
1/04/2020,0,Ulsan,39,20,1,0
1/04/2020,0,Sejong,46,12,0,0
1/04/2020,0,Gyeonggi-do,499,171,6,23
1/04/2020,0,Gangwon-do,38,23,1,2
1/04/2020,0,Chungcheongbuk-do,44,23,0,0
1/04/2020,0,Chungcheongnam-do,131,91,0,3
1/04/2020,0,Jeollabuk-do,14,7,0,1
1/04/2020,0,Jeollanam-do,12,3,0,3
1/04/2020,0,Gyeongsangbuk-do,1302,822,39,2
1/04/2020,0,Gyeongsangnam-do,100,67,0,4
1/04/2020,0,Jeju-do,9,3,0,0
2/04/2020,0,Seoul,488,127,0,14
2/04/2020,0,Busan,122,87,3,0
2/04/2020,0,Daegu,6725,4283,117,21
2/04/2020,0,Incheon,73,20,0,4
2/04/2020,0,Gwangju,25,14,0,1
2/04/2020,0,Daejeon,36,18,0,0
2/04/2020,0,Ulsan,40,21,1,1
2/04/2020,0,Sejong,46,12,0,0
2/04/2020,0,Gyeonggi-do,516,181,6,17
2/04/2020,0,Gangwon-do,39,23,1,1
2/04/2020,0,Chungcheongbuk-do,44,23,0,0
2/04/2020,0,Chungcheongnam-do,133,95,0,2
2/04/2020,0,Jeollabuk-do,14,7,0,0
2/04/2020,0,Jeollanam-do,14,3,0,2
2/04/2020,0,Gyeongsangbuk-do,1304,840,41,2
2/04/2020,0,Gyeongsangnam-do,106,70,0,6
2/04/2020,0,Jeju-do,9,3,0,0
3/04/2020,0,Seoul,506,131,0,18
3/04/2020,0,Busan,122,88,3,0
3/04/2020,0,Daegu,6734,4434,121,9
3/04/2020,0,Incheon,74,21,0,1
3/04/2020,0,Gwangju,26,15,0,1
3/04/2020,0,Daejeon,36,18,0,0
3/04/2020,0,Ulsan,40,21,1,0
3/04/2020,0,Sejong,46,12,0,0
3/04/2020,0,Gyeonggi-do,539,186,6,23
3/04/2020,0,Gangwon-do,41,23,1,2
3/04/2020,0,Chungcheongbuk-do,45,25,0,1
3/04/2020,0,Chungcheongnam-do,134,97,0,1
3/04/2020,0,Jeollabuk-do,15,7,0,1
3/04/2020,0,Jeollanam-do,15,3,0,1
3/04/2020,0,Gyeongsangbuk-do,1309,865,42,5
3/04/2020,0,Gyeongsangnam-do,107,71,0,1
3/04/2020,0,Jeju-do,9,3,0,0
4/04/2020,0,Seoul,528,144,0,22
4/04/2020,0,Busan,122,90,3,0
4/04/2020,0,Daegu,6761,4673,122,27
4/04/2020,0,Incheon,77,22,0,3
4/04/2020,0,Gwangju,26,15,0,0
4/04/2020,0,Daejeon,36,18,0,0
4/04/2020,0,Ulsan,40,24,1,0
4/04/2020,0,Sejong,46,15,0,0
4/04/2020,0,Gyeonggi-do,562,200,6,23
4/04/2020,0,Gangwon-do,42,23,1,1
4/04/2020,0,Chungcheongbuk-do,45,27,0,0
4/04/2020,0,Chungcheongnam-do,135,102,0,1
4/04/2020,0,Jeollabuk-do,15,7,0,0
4/04/2020,0,Jeollanam-do,15,4,0,0
4/04/2020,0,Gyeongsangbuk-do,1310,881,44,1
4/04/2020,0,Gyeongsangnam-do,108,75,0,1
4/04/2020,0,Jeju-do,9,4,0,0
5/04/2020,0,Seoul,552,145,0,24
5/04/2020,0,Busan,122,90,3,0
5/04/2020,0,Daegu,6768,4773,127,7
5/04/2020,0,Incheon,79,25,0,2
5/04/2020,0,Gwangju,27,15,0,1
5/04/2020,0,Daejeon,37,18,0,1
5/04/2020,0,Ulsan,40,27,1,0
5/04/2020,0,Sejong,46,15,0,0
5/04/2020,0,Gyeonggi-do,572,208,7,10
5/04/2020,0,Gangwon-do,45,24,1,3
5/04/2020,0,Chungcheongbuk-do,45,28,0,0
5/04/2020,0,Chungcheongnam-do,135,102,0,0
5/04/2020,0,Jeollabuk-do,16,7,0,1
5/04/2020,0,Jeollanam-do,15,4,0,0
5/04/2020,0,Gyeongsangbuk-do,1314,899,44,4
5/04/2020,0,Gyeongsangnam-do,109,77,0,1
5/04/2020,0,Jeju-do,12,4,0,3
6/04/2020,0,Seoul,563,151,0,11
6/04/2020,0,Busan,122,91,3,0
6/04/2020,0,Daegu,6781,4865,129,13
6/04/2020,0,Incheon,80,27,0,1
6/04/2020,0,Gwangju,27,15,0,0
6/04/2020,0,Daejeon,39,19,0,2
6/04/2020,0,Ulsan,40,27,1,0
6/04/2020,0,Sejong,46,17,0,0
6/04/2020,0,Gyeonggi-do,580,213,7,8
6/04/2020,0,Gangwon-do,45,23,1,0
6/04/2020,0,Chungcheongbuk-do,45,29,0,0
6/04/2020,0,Chungcheongnam-do,136,102,0,1
6/04/2020,0,Jeollabuk-do,16,7,0,0
6/04/2020,0,Jeollanam-do,15,4,0,0
6/04/2020,0,Gyeongsangbuk-do,1316,922,45,2
6/04/2020,0,Gyeongsangnam-do,111,80,0,2
6/04/2020,0,Jeju-do,12,4,0,0
7/04/2020,0,Seoul,567,164,0,4
7/04/2020,0,Busan,123,91,3,1
7/04/2020,0,Daegu,6794,4918,134,13
7/04/2020,0,Incheon,80,27,0,0
7/04/2020,0,Gwangju,27,15,0,0
7/04/2020,0,Daejeon,39,20,0,0
7/04/2020,0,Ulsan,40,28,1,0
7/04/2020,0,Sejong,46,17,0,0
7/04/2020,0,Gyeonggi-do,590,226,7,10
7/04/2020,0,Gangwon-do,47,24,1,2
7/04/2020,0,Chungcheongbuk-do,45,29,0,0
7/04/2020,0,Chungcheongnam-do,137,104,0,1
7/04/2020,0,Jeollabuk-do,16,7,0,0
7/04/2020,0,Jeollanam-do,15,4,0,0
7/04/2020,0,Gyeongsangbuk-do,1317,934,46,1
7/04/2020,0,Gyeongsangnam-do,112,80,0,1
7/04/2020,0,Jeju-do,12,4,0,0
8/04/2020,0,Seoul,578,169,2,11
8/04/2020,0,Busan,125,94,3,2
8/04/2020,0,Daegu,6803,4961,137,9
8/04/2020,0,Incheon,84,27,0,4
8/04/2020,0,Gwangju,27,15,0,0
8/04/2020,0,Daejeon,39,20,0,0
8/04/2020,0,Ulsan,40,28,1,0
8/04/2020,0,Sejong,46,14,0,0
8/04/2020,0,Gyeonggi-do,596,237,10,6
8/04/2020,0,Gangwon-do,49,24,1,2
8/04/2020,0,Chungcheongbuk-do,45,29,0,0
8/04/2020,0,Chungcheongnam-do,137,106,0,0
8/04/2020,0,Jeollabuk-do,17,7,0,1
8/04/2020,0,Jeollanam-do,15,4,0,0
8/04/2020,0,Gyeongsangbuk-do,1320,954,46,3
8/04/2020,0,Gyeongsangnam-do,113,80,0,1
8/04/2020,0,Jeju-do,12,4,0,0
9/04/2020,0,Seoul,590,174,2,12
9/04/2020,0,Busan,125,97,3,0
9/04/2020,0,Daegu,6807,5106,139,4
9/04/2020,0,Incheon,84,31,0,0
9/04/2020,0,Gwangju,27,15,0,0
9/04/2020,0,Daejeon,39,20,0,0
9/04/2020,0,Ulsan,40,28,1,0
9/04/2020,0,Sejong,46,16,0,0
9/04/2020,0,Gyeonggi-do,606,259,11,10
9/04/2020,0,Gangwon-do,49,24,1,0
9/04/2020,0,Chungcheongbuk-do,45,30,0,0
9/04/2020,0,Chungcheongnam-do,138,105,0,1
9/04/2020,0,Jeollabuk-do,17,7,0,0
9/04/2020,0,Jeollanam-do,15,4,0,0
9/04/2020,0,Gyeongsangbuk-do,1320,968,47,0
9/04/2020,0,Gyeongsangnam-do,115,82,0,2
9/04/2020,0,Jeju-do,12,4,0,0
10/04/2020,0,Seoul,595,185,2,5
10/04/2020,0,Busan,126,98,3,1
10/04/2020,0,Daegu,6807,5193,142,0
10/04/2020,0,Incheon,85,34,0,1
10/04/2020,0,Gwangju,27,15,0,0
10/04/2020,0,Daejeon,39,21,0,0
10/04/2020,0,Ulsan,40,28,1,0
10/04/2020,0,Sejong,46,20,0,0
10/04/2020,0,Gyeonggi-do,615,269,11,9
10/04/2020,0,Gangwon-do,49,26,1,0
10/04/2020,0,Chungcheongbuk-do,45,28,0,0
10/04/2020,0,Chungcheongnam-do,138,105,0,0
10/04/2020,0,Jeollabuk-do,17,8,0,0
10/04/2020,0,Jeollanam-do,15,4,0,0
10/04/2020,0,Gyeongsangbuk-do,1327,994,48,7
10/04/2020,0,Gyeongsangnam-do,115,82,0,0
10/04/2020,0,Jeju-do,12,4,0,0
11/04/2020,0,Seoul,599,195,2,4
11/04/2020,0,Busan,126,100,3,0
11/04/2020,0,Daegu,6814,5271,145,7
11/04/2020,0,Incheon,85,35,0,0
11/04/2020,0,Gwangju,27,17,0,0
11/04/2020,0,Daejeon,39,22,0,0
11/04/2020,0,Ulsan,41,30,1,1
11/04/2020,0,Sejong,46,20,0,0
11/04/2020,0,Gyeonggi-do,624,286,11,9
11/04/2020,0,Gangwon-do,49,26,1,0
11/04/2020,0,Chungcheongbuk-do,45,28,0,0
11/04/2020,0,Chungcheongnam-do,138,106,0,0
11/04/2020,0,Jeollabuk-do,17,8,0,0
11/04/2020,0,Jeollanam-do,15,5,0,0
11/04/2020,0,Gyeongsangbuk-do,1330,1004,48,3
11/04/2020,0,Gyeongsangnam-do,115,83,0,0
11/04/2020,0,Jeju-do,12,4,0,0
12/04/2020,0,Seoul,602,202,2,3
12/04/2020,0,Busan,126,103,3,0
12/04/2020,0,Daegu,6816,5356,146,2
12/04/2020,0,Incheon,86,38,0,1
12/04/2020,0,Gwangju,27,19,0,0
12/04/2020,0,Daejeon,39,23,0,0
12/04/2020,0,Ulsan,41,32,1,0
12/04/2020,0,Sejong,46,22,0,0
12/04/2020,0,Gyeonggi-do,628,292,12,4
12/04/2020,0,Gangwon-do,49,27,1,0
12/04/2020,0,Chungcheongbuk-do,45,29,0,0
12/04/2020,0,Chungcheongnam-do,139,108,0,1
12/04/2020,0,Jeollabuk-do,17,8,0,0
12/04/2020,0,Jeollanam-do,15,5,0,0
12/04/2020,0,Gyeongsangbuk-do,1333,1013,49,3
12/04/2020,0,Gyeongsangnam-do,115,84,0,0
12/04/2020,0,Jeju-do,12,4,0,0
13/04/2020,0,Seoul,610,214,2,8
13/04/2020,0,Busan,126,103,3,0
13/04/2020,0,Daegu,6819,5395,147,3
13/04/2020,0,Incheon,87,39,0,1
13/04/2020,0,Gwangju,27,19,0,0
13/04/2020,0,Daejeon,39,23,0,0
13/04/2020,0,Ulsan,41,33,1,0
13/04/2020,0,Sejong,46,22,0,0
13/04/2020,0,Gyeonggi-do,631,305,13,3
13/04/2020,0,Gangwon-do,49,28,1,0
13/04/2020,0,Chungcheongbuk-do,45,31,0,0
13/04/2020,0,Chungcheongnam-do,139,109,0,0
13/04/2020,0,Jeollabuk-do,17,8,0,0
13/04/2020,0,Jeollanam-do,15,6,0,0
13/04/2020,0,Gyeongsangbuk-do,1337,1020,50,4
13/04/2020,0,Gyeongsangnam-do,115,84,0,0
13/04/2020,0,Jeju-do,12,5,0,0
14/04/2020,0,Seoul,612,228,2,2
14/04/2020,0,Busan,126,103,3,0
14/04/2020,0,Daegu,6822,5440,152,3
14/04/2020,0,Incheon,88,42,0,1
14/04/2020,0,Gwangju,27,21,0,0
14/04/2020,0,Daejeon,39,24,0,0
14/04/2020,0,Ulsan,42,33,1,1
14/04/2020,0,Sejong,46,21,0,0
14/04/2020,0,Gyeonggi-do,639,313,13,8
14/04/2020,0,Gangwon-do,49,29,1,0
14/04/2020,0,Chungcheongbuk-do,45,31,0,0
14/04/2020,0,Chungcheongnam-do,139,113,0,0
14/04/2020,0,Jeollabuk-do,17,8,0,0
14/04/2020,0,Jeollanam-do,15,6,0,0
14/04/2020,0,Gyeongsangbuk-do,1342,1029,50,5
14/04/2020,0,Gyeongsangnam-do,115,84,0,0
14/04/2020,0,Jeju-do,12,5,0,0
15/04/2020,0,Seoul,617,239,2,5
15/04/2020,0,Busan,127,107,3,1
15/04/2020,0,Daegu,6823,5486,155,1
15/04/2020,0,Incheon,88,48,0,0
15/04/2020,0,Gwangju,28,21,0,1
15/04/2020,0,Daejeon,39,24,0,0
15/04/2020,0,Ulsan,42,33,1,0
15/04/2020,0,Sejong,46,21,0,0
15/04/2020,0,Gyeonggi-do,645,322,13,6
15/04/2020,0,Gangwon-do,51,27,1,2
15/04/2020,0,Chungcheongbuk-do,45,31,0,0
15/04/2020,0,Chungcheongnam-do,139,114,0,0
15/04/2020,0,Jeollabuk-do,17,8,0,0
15/04/2020,0,Jeollanam-do,15,7,0,0
15/04/2020,0,Gyeongsangbuk-do,1348,1035,50,6
15/04/2020,0,Gyeongsangnam-do,115,84,0,0
15/04/2020,0,Jeju-do,13,5,0,1
16/04/2020,0,Seoul,619,250,2,2
16/04/2020,0,Busan,130,111,3,3
16/04/2020,0,Daegu,6827,5586,158,4
16/04/2020,0,Incheon,88,51,0,0
16/04/2020,0,Gwangju,28,22,0,0
16/04/2020,0,Daejeon,39,25,0,0
16/04/2020,0,Ulsan,42,34,1,0
16/04/2020,0,Sejong,46,21,0,0
16/04/2020,0,Gyeonggi-do,649,330,14,4
16/04/2020,0,Gangwon-do,52,27,1,1
16/04/2020,0,Chungcheongbuk-do,45,34,0,0
16/04/2020,0,Chungcheongnam-do,139,115,0,0
16/04/2020,0,Jeollabuk-do,17,9,0,0
16/04/2020,0,Jeollanam-do,15,7,0,0
16/04/2020,0,Gyeongsangbuk-do,1352,1044,50,4
16/04/2020,0,Gyeongsangnam-do,115,82,0,0
16/04/2020,0,Jeju-do,13,5,0,0
17/04/2020,0,Seoul,621,268,2,2
17/04/2020,0,Busan,130,112,3,0
17/04/2020,0,Daegu,6827,5626,159,0
17/04/2020,0,Incheon,89,51,0,1
17/04/2020,0,Gwangju,30,22,0,2
17/04/2020,0,Daejeon,40,25,0,1
17/04/2020,0,Ulsan,42,34,1,0
17/04/2020,0,Sejong,46,24,0,0
17/04/2020,0,Gyeonggi-do,650,340,14,1
17/04/2020,0,Gangwon-do,52,28,1,0
17/04/2020,0,Chungcheongbuk-do,45,37,0,0
17/04/2020,0,Chungcheongnam-do,139,115,0,0
17/04/2020,0,Jeollabuk-do,17,9,0,0
17/04/2020,0,Jeollanam-do,15,7,0,0
17/04/2020,0,Gyeongsangbuk-do,1356,1037,50,4
17/04/2020,0,Gyeongsangnam-do,115,84,0,0
17/04/2020,0,Jeju-do,13,5,0,0
18/04/2020,0,Seoul,622,274,2,1
18/04/2020,0,Busan,130,112,3,0
18/04/2020,0,Daegu,6830,5685,160,3
18/04/2020,0,Incheon,90,55,0,1
18/04/2020,0,Gwangju,30,22,0,0
18/04/2020,0,Daejeon,39,25,0,-1
18/04/2020,0,Ulsan,42,34,1,0
18/04/2020,0,Sejong,46,25,0,0
18/04/2020,0,Gyeonggi-do,654,361,14,4
18/04/2020,0,Gangwon-do,53,28,1,1
18/04/2020,0,Chungcheongbuk-do,45,38,0,0
18/04/2020,0,Chungcheongnam-do,141,119,0,2
18/04/2020,0,Jeollabuk-do,17,9,0,0
18/04/2020,0,Jeollanam-do,15,7,0,0
18/04/2020,0,Gyeongsangbuk-do,1358,1046,51,2
18/04/2020,0,Gyeongsangnam-do,116,84,0,1
18/04/2020,0,Jeju-do,13,6,0,0
19/04/2020,0,Seoul,624,288,2,2
19/04/2020,0,Busan,130,115,3,0
19/04/2020,0,Daegu,6832,5743,161,2
19/04/2020,0,Incheon,91,55,0,1
19/04/2020,0,Gwangju,30,22,0,0
19/04/2020,0,Daejeon,39,25,0,0
19/04/2020,0,Ulsan,42,34,1,0
19/04/2020,0,Sejong,46,29,0,0
19/04/2020,0,Gyeonggi-do,654,370,14,0
19/04/2020,0,Gangwon-do,53,28,2,0
19/04/2020,0,Chungcheongbuk-do,45,38,0,0
19/04/2020,0,Chungcheongnam-do,141,122,0,0
19/04/2020,0,Jeollabuk-do,17,9,0,0
19/04/2020,0,Jeollanam-do,15,8,0,0
19/04/2020,0,Gyeongsangbuk-do,1359,1057,51,1
19/04/2020,0,Gyeongsangnam-do,116,85,0,0
19/04/2020,0,Jeju-do,13,6,0,0
20/04/2020,0,Seoul,624,304,2,0
20/04/2020,0,Busan,132,115,3,2
20/04/2020,0,Daegu,6833,5769,163,1
20/04/2020,0,Incheon,92,56,0,1
20/04/2020,0,Gwangju,30,22,0,0
20/04/2020,0,Daejeon,39,26,0,0
20/04/2020,0,Ulsan,43,34,1,1
20/04/2020,0,Sejong,46,29,0,0
20/04/2020,0,Gyeonggi-do,656,387,14,2
20/04/2020,0,Gangwon-do,53,28,2,0
20/04/2020,0,Chungcheongbuk-do,45,38,0,0
20/04/2020,0,Chungcheongnam-do,141,122,0,0
20/04/2020,0,Jeollabuk-do,17,9,0,0
20/04/2020,0,Jeollanam-do,15,8,0,0
20/04/2020,0,Gyeongsangbuk-do,1361,1064,51,2
20/04/2020,0,Gyeongsangnam-do,116,87,0,0
20/04/2020,0,Jeju-do,13,6,0,0
21/04/2020,0,Seoul,626,315,2,2
21/04/2020,0,Busan,132,115,3,0
21/04/2020,0,Daegu,6835,5793,164,2
21/04/2020,0,Incheon,92,56,0,0
21/04/2020,0,Gwangju,30,22,0,0
21/04/2020,0,Daejeon,39,26,0,0
21/04/2020,0,Ulsan,43,35,1,0
21/04/2020,0,Sejong,46,29,0,0
21/04/2020,0,Gyeonggi-do,658,398,14,2
21/04/2020,0,Gangwon-do,53,30,2,0
21/04/2020,0,Chungcheongbuk-do,45,39,0,0
21/04/2020,0,Chungcheongnam-do,141,123,0,0
21/04/2020,0,Jeollabuk-do,17,9,0,0
21/04/2020,0,Jeollanam-do,15,8,0,0
21/04/2020,0,Gyeongsangbuk-do,1361,1072,51,0
21/04/2020,0,Gyeongsangnam-do,116,88,0,0
21/04/2020,0,Jeju-do,13,6,0,0
22/04/2020,0,Seoul,628,322,2,2
22/04/2020,0,Busan,134,115,3,2
22/04/2020,0,Daegu,6836,5827,165,1
22/04/2020,0,Incheon,92,57,0,0
22/04/2020,0,Gwangju,30,22,0,0
22/04/2020,0,Daejeon,40,27,0,1
22/04/2020,0,Ulsan,43,35,1,0
22/04/2020,0,Sejong,46,33,0,0
22/04/2020,0,Gyeonggi-do,658,404,14,0
22/04/2020,0,Gangwon-do,53,31,2,0
22/04/2020,0,Chungcheongbuk-do,45,39,0,0
22/04/2020,0,Chungcheongnam-do,141,122,0,0
22/04/2020,0,Jeollabuk-do,17,9,0,0
22/04/2020,0,Jeollanam-do,15,8,0,0
22/04/2020,0,Gyeongsangbuk-do,1363,1079,51,2
22/04/2020,0,Gyeongsangnam-do,117,89,0,1
22/04/2020,0,Jeju-do,13,8,0,0
23/04/2020,0,Seoul,628,342,2,0
23/04/2020,0,Busan,135,116,3,1
23/04/2020,0,Daegu,6840,5890,166,4
23/04/2020,0,Incheon,92,56,0,0
23/04/2020,0,Gwangju,30,24,0,0
23/04/2020,0,Daejeon,40,29,0,0
23/04/2020,0,Ulsan,43,36,1,0
23/04/2020,0,Sejong,46,34,0,0
23/04/2020,0,Gyeonggi-do,659,424,14,1
23/04/2020,0,Gangwon-do,53,31,2,0
23/04/2020,0,Chungcheongbuk-do,45,40,0,0
23/04/2020,0,Chungcheongnam-do,141,123,0,0
23/04/2020,0,Jeollabuk-do,17,9,0,0
23/04/2020,0,Jeollanam-do,15,8,0,0
23/04/2020,0,Gyeongsangbuk-do,1363,1091,52,0
23/04/2020,0,Gyeongsangnam-do,117,89,0,0
23/04/2020,0,Jeju-do,13,8,0,0
24/04/2020,0,Seoul,628,362,2,0
24/04/2020,0,Busan,136,116,3,1
24/04/2020,0,Daegu,6842,5931,166,2
24/04/2020,0,Incheon,92,54,0,0
24/04/2020,0,Gwangju,30,24,0,0
24/04/2020,0,Daejeon,40,30,0,0
24/04/2020,0,Ulsan,43,36,1,0
24/04/2020,0,Sejong,46,34,0,0
24/04/2020,0,Gyeonggi-do,660,441,14,1
24/04/2020,0,Gangwon-do,53,31,2,0
24/04/2020,0,Chungcheongbuk-do,45,40,0,0
24/04/2020,0,Chungcheongnam-do,141,123,0,0
24/04/2020,0,Jeollabuk-do,17,11,0,0
24/04/2020,0,Jeollanam-do,15,8,0,0
24/04/2020,0,Gyeongsangbuk-do,1364,1097,52,1
24/04/2020,0,Gyeongsangnam-do,117,91,0,0
24/04/2020,0,Jeju-do,13,8,0,0
25/04/2020,0,Seoul,629,383,2,1
25/04/2020,0,Busan,136,116,3,0
25/04/2020,0,Daegu,6845,5974,166,3
25/04/2020,0,Incheon,92,55,0,0
25/04/2020,0,Gwangju,30,25,0,0
25/04/2020,0,Daejeon,40,32,0,0
25/04/2020,0,Ulsan,43,36,1,0
25/04/2020,0,Sejong,46,35,0,0
25/04/2020,0,Gyeonggi-do,662,448,14,2
25/04/2020,0,Gangwon-do,53,32,2,0
25/04/2020,0,Chungcheongbuk-do,45,40,0,0
25/04/2020,0,Chungcheongnam-do,141,123,0,0
25/04/2020,0,Jeollabuk-do,17,10,0,0
25/04/2020,0,Jeollanam-do,15,8,0,0
25/04/2020,0,Gyeongsangbuk-do,1364,1104,52,0
25/04/2020,0,Gyeongsangnam-do,117,91,0,0
25/04/2020,0,Jeju-do,13,8,0,0
26/04/2020,0,Seoul,629,388,2,0
26/04/2020,0,Busan,137,116,3,1
26/04/2020,0,Daegu,6846,6018,168,1
26/04/2020,0,Incheon,92,57,0,0
26/04/2020,0,Gwangju,30,25,0,0
26/04/2020,0,Daejeon,40,34,0,0
26/04/2020,0,Ulsan,43,36,1,0
26/04/2020,0,Sejong,46,35,0,0
26/04/2020,0,Gyeonggi-do,668,463,14,6
26/04/2020,0,Gangwon-do,53,34,2,0
26/04/2020,0,Chungcheongbuk-do,45,40,0,0
26/04/2020,0,Chungcheongnam-do,141,123,0,0
26/04/2020,0,Jeollabuk-do,18,10,0,1
26/04/2020,0,Jeollanam-do,15,9,0,0
26/04/2020,0,Gyeongsangbuk-do,1364,1109,52,0
26/04/2020,0,Gyeongsangnam-do,117,93,0,0
26/04/2020,0,Jeju-do,13,7,0,0
27/04/2020,0,Seoul,629,393,2,0
27/04/2020,0,Busan,137,117,3,0
27/04/2020,0,Daegu,6847,6040,169,1
27/04/2020,0,Incheon,92,58,0,0
27/04/2020,0,Gwangju,30,25,0,0
27/04/2020,0,Daejeon,40,34,0,0
27/04/2020,0,Ulsan,43,36,1,0
27/04/2020,0,Sejong,46,35,0,0
27/04/2020,0,Gyeonggi-do,671,470,14,3
27/04/2020,0,Gangwon-do,53,35,2,0
27/04/2020,0,Chungcheongbuk-do,45,40,0,0
27/04/2020,0,Chungcheongnam-do,142,123,0,1
27/04/2020,0,Jeollabuk-do,18,10,0,0
27/04/2020,0,Jeollanam-do,15,9,0,0
27/04/2020,0,Gyeongsangbuk-do,1364,1114,52,0
27/04/2020,0,Gyeongsangnam-do,117,94,0,0
27/04/2020,0,Jeju-do,13,8,0,0
28/04/2020,0,Seoul,633,427,2,4
28/04/2020,0,Busan,137,116,3,0
28/04/2020,0,Daegu,6849,6056,170,2
28/04/2020,0,Incheon,93,63,0,1
28/04/2020,0,Gwangju,30,25,0,0
28/04/2020,0,Daejeon,40,35,0,0
28/04/2020,0,Ulsan,43,36,1,0
28/04/2020,0,Sejong,46,35,0,0
28/04/2020,0,Gyeonggi-do,674,475,14,3
28/04/2020,0,Gangwon-do,53,37,2,0
28/04/2020,0,Chungcheongbuk-do,45,40,0,0
28/04/2020,0,Chungcheongnam-do,142,123,0,0
28/04/2020,0,Jeollabuk-do,18,10,0,0
28/04/2020,0,Jeollanam-do,15,10,0,0
28/04/2020,0,Gyeongsangbuk-do,1365,1119,52,1
28/04/2020,0,Gyeongsangnam-do,117,97,0,0
28/04/2020,0,Jeju-do,13,7,0,0
29/04/2020,0,Seoul,633,437,2,0
29/04/2020,0,Busan,137,116,3,0
29/04/2020,0,Daegu,6852,6075,171,3
29/04/2020,0,Incheon,93,66,0,0
29/04/2020,0,Gwangju,30,26,0,0
29/04/2020,0,Daejeon,40,35,0,0
29/04/2020,0,Ulsan,43,37,1,0
29/04/2020,0,Sejong,46,36,0,0
29/04/2020,0,Gyeonggi-do,676,481,15,2
29/04/2020,0,Gangwon-do,53,37,2,0
29/04/2020,0,Chungcheongbuk-do,45,40,0,0
29/04/2020,0,Chungcheongnam-do,143,123,0,1
29/04/2020,0,Jeollabuk-do,18,10,0,0
29/04/2020,0,Jeollanam-do,15,10,0,0
29/04/2020,0,Gyeongsangbuk-do,1365,1133,52,0
29/04/2020,0,Gyeongsangnam-do,117,97,0,0
29/04/2020,0,Jeju-do,13,8,0,0
30/04/2020,0,Seoul,633,453,2,0
30/04/2020,0,Busan,137,116,3,0
30/04/2020,0,Daegu,6852,6144,172,0
30/04/2020,0,Incheon,93,68,0,0
30/04/2020,0,Gwangju,30,27,0,0
30/04/2020,0,Daejeon,40,35,0,0
30/04/2020,0,Ulsan,43,37,1,0
30/04/2020,0,Sejong,46,38,0,0
30/04/2020,0,Gyeonggi-do,676,486,15,0
30/04/2020,0,Gangwon-do,53,40,2,0
30/04/2020,0,Chungcheongbuk-do,45,41,0,0
30/04/2020,0,Chungcheongnam-do,143,127,0,0
30/04/2020,0,Jeollabuk-do,18,11,0,0
30/04/2020,0,Jeollanam-do,15,11,0,0
30/04/2020,0,Gyeongsangbuk-do,1365,1147,52,0
30/04/2020,0,Gyeongsangnam-do,117,97,0,0
30/04/2020,0,Jeju-do,13,8,0,0
1/05/2020,0,Seoul,634,455,2,1
1/05/2020,0,Busan,137,116,3,0
1/05/2020,0,Daegu,6852,6144,172,0
1/05/2020,0,Incheon,94,69,0,1
1/05/2020,0,Gwangju,30,27,0,0
1/05/2020,0,Daejeon,40,35,0,0
1/05/2020,0,Ulsan,43,37,1,0
1/05/2020,0,Sejong,46,39,0,0
1/05/2020,0,Gyeonggi-do,678,488,16,2
1/05/2020,0,Gangwon-do,53,40,2,0
1/05/2020,0,Chungcheongbuk-do,45,41,0,0
1/05/2020,0,Chungcheongnam-do,143,128,0,0
1/05/2020,0,Jeollabuk-do,18,12,0,0
1/05/2020,0,Jeollanam-do,15,12,0,0
1/05/2020,0,Gyeongsangbuk-do,1366,1149,52,1
1/05/2020,0,Gyeongsangnam-do,117,98,0,0
1/05/2020,0,Jeju-do,13,8,0,0
2/05/2020,0,Seoul,635,463,2,1
2/05/2020,0,Busan,138,117,3,1
2/05/2020,0,Daegu,6852,6155,174,0
2/05/2020,0,Incheon,95,70,0,1
2/05/2020,0,Gwangju,30,28,0,0
2/05/2020,0,Daejeon,40,36,0,0
2/05/2020,0,Ulsan,43,37,1,0
2/05/2020,0,Sejong,46,41,0,0
2/05/2020,0,Gyeonggi-do,678,498,16,0
2/05/2020,0,Gangwon-do,53,42,2,0
2/05/2020,0,Chungcheongbuk-do,45,41,0,0
2/05/2020,0,Chungcheongnam-do,143,128,0,0
2/05/2020,0,Jeollabuk-do,18,12,0,0
2/05/2020,0,Jeollanam-do,15,12,0,0
2/05/2020,0,Gyeongsangbuk-do,1366,1154,52,0
2/05/2020,0,Gyeongsangnam-do,117,99,0,0
2/05/2020,0,Jeju-do,13,8,0,0
3/05/2020,0,Seoul,637,473,2,2
3/05/2020,0,Busan,138,117,3,0
3/05/2020,0,Daegu,6856,6167,174,4
3/05/2020,0,Incheon,95,72,0,0
3/05/2020,0,Gwangju,30,28,0,0
3/05/2020,0,Daejeon,40,36,0,0
3/05/2020,0,Ulsan,43,37,1,0
3/05/2020,0,Sejong,46,42,0,0
3/05/2020,0,Gyeonggi-do,680,510,16,2
3/05/2020,0,Gangwon-do,53,43,2,0
3/05/2020,0,Chungcheongbuk-do,45,42,0,0
3/05/2020,0,Chungcheongnam-do,143,128,0,0
3/05/2020,0,Jeollabuk-do,18,12,0,0
3/05/2020,0,Jeollanam-do,15,12,0,0
3/05/2020,0,Gyeongsangbuk-do,1366,1165,52,0
3/05/2020,0,Gyeongsangnam-do,117,100,0,0
3/05/2020,0,Jeju-do,13,8,0,0
4/05/2020,0,Seoul,637,481,2,0
4/05/2020,0,Busan,138,117,3,0
4/05/2020,0,Daegu,6856,6177,174,0
4/05/2020,0,Incheon,96,72,0,1
4/05/2020,0,Gwangju,30,28,0,0
4/05/2020,0,Daejeon,40,36,1,0
4/05/2020,0,Ulsan,44,37,1,1
4/05/2020,0,Sejong,46,44,0,0
4/05/2020,0,Gyeonggi-do,681,515,16,1
4/05/2020,0,Gangwon-do,53,42,2,0
4/05/2020,0,Chungcheongbuk-do,45,42,0,0
4/05/2020,0,Chungcheongnam-do,143,128,0,0
4/05/2020,0,Jeollabuk-do,18,12,0,0
4/05/2020,0,Jeollanam-do,16,12,0,1
4/05/2020,0,Gyeongsangbuk-do,1366,1173,53,0
4/05/2020,0,Gyeongsangnam-do,117,101,0,0
4/05/2020,0,Jeju-do,13,8,0,0
5/05/2020,0,Seoul,637,489,2,0
5/05/2020,0,Busan,138,117,3,0
5/05/2020,0,Daegu,6856,6199,176,0
5/05/2020,0,Incheon,97,71,0,1
5/05/2020,0,Gwangju,30,28,0,0
5/05/2020,0,Daejeon,40,36,1,0
5/05/2020,0,Ulsan,44,38,1,0
5/05/2020,0,Sejong,46,45,0,0
5/05/2020,0,Gyeonggi-do,681,518,16,0
5/05/2020,0,Gangwon-do,53,42,2,0
5/05/2020,0,Chungcheongbuk-do,45,42,0,0
5/05/2020,0,Chungcheongnam-do,143,128,0,0
5/05/2020,0,Jeollabuk-do,18,12,0,0
5/05/2020,0,Jeollanam-do,16,12,0,0
5/05/2020,0,Gyeongsangbuk-do,1366,1186,53,0
5/05/2020,0,Gyeongsangnam-do,117,102,0,0
5/05/2020,0,Jeju-do,13,8,0,0
6/05/2020,0,Seoul,637,494,2,0
6/05/2020,0,Busan,138,119,3,0
6/05/2020,0,Daegu,6856,6217,177,0
6/05/2020,0,Incheon,97,72,0,0
6/05/2020,0,Gwangju,30,28,0,0
6/05/2020,0,Daejeon,40,38,1,0
6/05/2020,0,Ulsan,44,37,1,0
6/05/2020,0,Sejong,46,45,0,0
6/05/2020,0,Gyeonggi-do,681,525,16,0
6/05/2020,0,Gangwon-do,53,42,2,0
6/05/2020,0,Chungcheongbuk-do,45,42,0,0
6/05/2020,0,Chungcheongnam-do,143,128,0,0
6/05/2020,0,Jeollabuk-do,18,12,0,0
6/05/2020,0,Jeollanam-do,16,12,0,0
6/05/2020,0,Gyeongsangbuk-do,1366,1190,53,0
6/05/2020,0,Gyeongsangnam-do,117,104,0,0
6/05/2020,0,Jeju-do,13,12,0,0
7/05/2020,0,Seoul,637,508,2,0
7/05/2020,0,Busan,138,120,3,0
7/05/2020,0,Daegu,6856,6249,178,0
7/05/2020,0,Incheon,97,72,0,0
7/05/2020,0,Gwangju,30,28,0,0
7/05/2020,0,Daejeon,41,38,1,1
7/05/2020,0,Ulsan,44,37,1,0
7/05/2020,0,Sejong,46,45,0,0
7/05/2020,0,Gyeonggi-do,682,538,16,1
7/05/2020,0,Gangwon-do,53,42,2,0
7/05/2020,0,Chungcheongbuk-do,46,42,0,1
7/05/2020,0,Chungcheongnam-do,143,128,0,0
7/05/2020,0,Jeollabuk-do,18,14,0,0
7/05/2020,0,Jeollanam-do,16,12,0,0
7/05/2020,0,Gyeongsangbuk-do,1366,1198,53,0
7/05/2020,0,Gyeongsangnam-do,117,105,0,0
7/05/2020,0,Jeju-do,13,12,0,0
8/05/2020,0,Seoul,637,520,2,0
8/05/2020,0,Busan,140,123,3,2
8/05/2020,0,Daegu,6859,6277,178,3
8/05/2020,0,Incheon,97,75,0,0
8/05/2020,0,Gwangju,30,28,0,0
8/05/2020,0,Daejeon,41,38,1,0
8/05/2020,0,Ulsan,44,37,1,0
8/05/2020,0,Sejong,46,45,0,0
8/05/2020,0,Gyeonggi-do,684,538,16,2
8/05/2020,0,Gangwon-do,53,41,2,0
8/05/2020,0,Chungcheongbuk-do,47,41,0,1
8/05/2020,0,Chungcheongnam-do,143,130,0,0
8/05/2020,0,Jeollabuk-do,19,14,0,1
8/05/2020,0,Jeollanam-do,16,12,0,0
8/05/2020,0,Gyeongsangbuk-do,1366,1206,53,0
8/05/2020,0,Gyeongsangnam-do,117,105,0,0
8/05/2020,0,Jeju-do,13,12,0,0
9/05/2020,0,Seoul,649,536,2,12
9/05/2020,0,Busan,141,125,3,1
9/05/2020,0,Daegu,6859,6306,178,0
9/05/2020,0,Incheon,98,78,0,1
9/05/2020,0,Gwangju,30,29,0,0
9/05/2020,0,Daejeon,41,38,1,0
9/05/2020,0,Ulsan,44,38,1,0
9/05/2020,0,Sejong,46,45,0,0
9/05/2020,0,Gyeonggi-do,688,548,16,4
9/05/2020,0,Gangwon-do,53,41,2,0
9/05/2020,0,Chungcheongbuk-do,47,41,0,0
9/05/2020,0,Chungcheongnam-do,143,133,0,0
9/05/2020,0,Jeollabuk-do,19,14,0,0
9/05/2020,0,Jeollanam-do,16,12,0,0
9/05/2020,0,Gyeongsangbuk-do,1366,1215,53,0
9/05/2020,0,Gyeongsangnam-do,117,107,0,0
9/05/2020,0,Jeju-do,13,13,0,0
10/05/2020,0,Seoul,663,541,2,14
10/05/2020,0,Busan,141,125,3,0
10/05/2020,0,Daegu,6861,6318,178,2
10/05/2020,0,Incheon,101,80,0,3
10/05/2020,0,Gwangju,30,30,0,0
10/05/2020,0,Daejeon,41,38,1,0
10/05/2020,0,Ulsan,44,38,1,0
10/05/2020,0,Sejong,46,45,0,0
10/05/2020,0,Gyeonggi-do,694,556,16,6
10/05/2020,0,Gangwon-do,53,41,2,0
10/05/2020,0,Chungcheongbuk-do,49,42,0,2
10/05/2020,0,Chungcheongnam-do,143,133,0,0
10/05/2020,0,Jeollabuk-do,19,14,0,0
10/05/2020,0,Jeollanam-do,16,12,0,0
10/05/2020,0,Gyeongsangbuk-do,1366,1220,53,0
10/05/2020,0,Gyeongsangnam-do,117,108,0,0
10/05/2020,0,Jeju-do,14,13,0,1
11/05/2020,0,Seoul,683,545,2,20
11/05/2020,0,Busan,141,125,3,0
11/05/2020,0,Daegu,6861,6318,178,0
11/05/2020,0,Incheon,104,82,0,3
11/05/2020,0,Gwangju,30,30,0,0
11/05/2020,0,Daejeon,41,38,1,0
11/05/2020,0,Ulsan,44,38,1,0
11/05/2020,0,Sejong,47,45,0,1
11/05/2020,0,Gyeonggi-do,698,557,16,4
11/05/2020,0,Gangwon-do,54,41,2,1
11/05/2020,0,Chungcheongbuk-do,52,42,0,3
11/05/2020,0,Chungcheongnam-do,143,134,0,0
11/05/2020,0,Jeollabuk-do,19,14,0,0
11/05/2020,0,Jeollanam-do,16,12,0,0
11/05/2020,0,Gyeongsangbuk-do,1366,1228,53,0
11/05/2020,0,Gyeongsangnam-do,117,110,0,0
11/05/2020,0,Jeju-do,14,13,0,0
12/05/2020,0,Seoul,695,554,2,12
12/05/2020,0,Busan,141,125,3,0
12/05/2020,0,Daegu,6862,6331,179,1
12/05/2020,0,Incheon,105,82,0,1
12/05/2020,0,Gwangju,30,30,0,0
12/05/2020,0,Daejeon,43,38,1,2
12/05/2020,0,Ulsan,44,40,1,0
12/05/2020,0,Sejong,47,45,0,0
12/05/2020,0,Gyeonggi-do,706,559,16,8
12/05/2020,0,Gangwon-do,54,41,2,0
12/05/2020,0,Chungcheongbuk-do,52,42,0,0
12/05/2020,0,Chungcheongnam-do,143,136,0,0
12/05/2020,0,Jeollabuk-do,19,14,0,0
12/05/2020,0,Jeollanam-do,16,12,0,0
12/05/2020,0,Gyeongsangbuk-do,1367,1230,54,1
12/05/2020,0,Gyeongsangnam-do,118,112,0,1
12/05/2020,0,Jeju-do,14,12,0,0
13/05/2020,0,Seoul,707,558,3,12
13/05/2020,0,Busan,144,126,3,3
13/05/2020,0,Daegu,6865,6322,179,3
13/05/2020,0,Incheon,107,86,0,2
13/05/2020,0,Gwangju,30,30,0,0
13/05/2020,0,Daejeon,43,38,1,0
13/05/2020,0,Ulsan,45,41,1,1
13/05/2020,0,Sejong,47,46,0,0
13/05/2020,0,Gyeonggi-do,708,563,16,2
13/05/2020,0,Gangwon-do,54,42,2,0
13/05/2020,0,Chungcheongbuk-do,52,43,0,0
13/05/2020,0,Chungcheongnam-do,143,138,0,0
13/05/2020,0,Jeollabuk-do,20,14,0,1
13/05/2020,0,Jeollanam-do,16,12,0,0
13/05/2020,0,Gyeongsangbuk-do,1367,1231,54,0
13/05/2020,0,Gyeongsangnam-do,119,113,0,1
13/05/2020,0,Jeju-do,14,12,0,0
14/05/2020,0,Seoul,711,564,4,4
14/05/2020,0,Busan,144,127,3,0
14/05/2020,0,Daegu,6865,6349,179,0
14/05/2020,0,Incheon,119,85,0,12
14/05/2020,0,Gwangju,30,30,0,0
14/05/2020,0,Daejeon,43,39,1,0
14/05/2020,0,Ulsan,45,41,1,0
14/05/2020,0,Sejong,47,46,0,0
14/05/2020,0,Gyeonggi-do,714,577,16,6
14/05/2020,0,Gangwon-do,55,43,2,1
14/05/2020,0,Chungcheongbuk-do,55,43,0,3
14/05/2020,0,Chungcheongnam-do,144,138,0,1
14/05/2020,0,Jeollabuk-do,20,14,0,0
14/05/2020,0,Jeollanam-do,17,13,0,1
14/05/2020,0,Gyeongsangbuk-do,1368,1237,54,1
14/05/2020,0,Gyeongsangnam-do,119,114,0,0
14/05/2020,0,Jeju-do,14,12,0,0
15/05/2020,0,Seoul,725,569,4,14
15/05/2020,0,Busan,144,127,3,0
15/05/2020,0,Daegu,6868,6366,179,3
15/05/2020,0,Incheon,124,85,0,5
15/05/2020,0,Gwangju,30,30,0,0
15/05/2020,0,Daejeon,43,39,1,0
15/05/2020,0,Ulsan,45,39,1,0
15/05/2020,0,Sejong,47,47,0,0
15/05/2020,0,Gyeonggi-do,717,583,16,3
15/05/2020,0,Gangwon-do,55,44,2,0
15/05/2020,0,Chungcheongbuk-do,55,43,0,0
15/05/2020,0,Chungcheongnam-do,144,139,0,0
15/05/2020,0,Jeollabuk-do,20,14,0,0
15/05/2020,0,Jeollanam-do,18,13,0,1
15/05/2020,0,Gyeongsangbuk-do,1368,1245,54,0
15/05/2020,0,Gyeongsangnam-do,119,115,0,0
15/05/2020,0,Jeju-do,14,12,0,0
16/05/2020,0,Seoul,730,574,4,5
16/05/2020,0,Busan,144,130,3,0
16/05/2020,0,Daegu,6869,6367,181,1
16/05/2020,0,Incheon,124,85,0,0
16/05/2020,0,Gwangju,30,30,0,0
16/05/2020,0,Daejeon,43,39,1,0
16/05/2020,0,Ulsan,45,40,1,0
16/05/2020,0,Sejong,47,47,0,0
16/05/2020,0,Gyeonggi-do,721,587,16,4
16/05/2020,0,Gangwon-do,55,45,2,0
16/05/2020,0,Chungcheongbuk-do,56,43,0,1
16/05/2020,0,Chungcheongnam-do,144,139,0,0
16/05/2020,0,Jeollabuk-do,20,16,0,0
16/05/2020,0,Jeollanam-do,18,13,0,0
16/05/2020,0,Gyeongsangbuk-do,1368,1253,54,0
16/05/2020,0,Gyeongsangnam-do,119,116,0,0
16/05/2020,0,Jeju-do,14,11,0,0
17/05/2020,0,Seoul,735,575,4,5
17/05/2020,0,Busan,144,130,3,0
17/05/2020,0,Daegu,6870,6376,181,1
17/05/2020,0,Incheon,124,85,0,0
17/05/2020,0,Gwangju,30,30,0,0
17/05/2020,0,Daejeon,44,39,1,1
17/05/2020,0,Ulsan,45,41,1,0
17/05/2020,0,Sejong,47,47,0,0
17/05/2020,0,Gyeonggi-do,721,598,16,0
17/05/2020,0,Gangwon-do,55,45,2,0
17/05/2020,0,Chungcheongbuk-do,56,43,0,0
17/05/2020,0,Chungcheongnam-do,144,140,0,0
17/05/2020,0,Jeollabuk-do,20,16,0,0
17/05/2020,0,Jeollanam-do,18,13,0,0
17/05/2020,0,Gyeongsangbuk-do,1368,1254,54,0
17/05/2020,0,Gyeongsangnam-do,121,116,0,2
17/05/2020,0,Jeju-do,14,11,0,0
18/05/2020,0,Seoul,736,579,4,1
18/05/2020,0,Busan,144,130,3,0
18/05/2020,0,Daegu,6871,6376,182,1
18/05/2020,0,Incheon,124,86,0,0
18/05/2020,0,Gwangju,30,30,0,0
18/05/2020,0,Daejeon,44,39,1,0
18/05/2020,0,Ulsan,45,41,1,0
18/05/2020,0,Sejong,47,47,0,0
18/05/2020,0,Gyeonggi-do,724,600,16,3
18/05/2020,0,Gangwon-do,55,46,2,0
18/05/2020,0,Chungcheongbuk-do,59,43,0,3
18/05/2020,0,Chungcheongnam-do,144,140,0,0
18/05/2020,0,Jeollabuk-do,20,18,0,0
18/05/2020,0,Jeollanam-do,18,14,0,0
18/05/2020,0,Gyeongsangbuk-do,1368,1257,54,0
18/05/2020,0,Gyeongsangnam-do,121,116,0,0
18/05/2020,0,Jeju-do,14,11,0,0
19/05/2020,0,Seoul,742,587,4,6
19/05/2020,0,Busan,144,130,3,0
19/05/2020,0,Daegu,6871,6389,182,0
19/05/2020,0,Incheon,126,87,0,2
19/05/2020,0,Gwangju,30,30,0,0
19/05/2020,0,Daejeon,44,39,1,0
19/05/2020,0,Ulsan,49,41,1,4
19/05/2020,0,Sejong,47,46,0,0
19/05/2020,0,Gyeonggi-do,725,602,16,1
19/05/2020,0,Gangwon-do,55,46,2,0
19/05/2020,0,Chungcheongbuk-do,59,43,0,0
19/05/2020,0,Chungcheongnam-do,144,140,0,0
19/05/2020,0,Jeollabuk-do,20,19,0,0
19/05/2020,0,Jeollanam-do,18,13,0,0
19/05/2020,0,Gyeongsangbuk-do,1368,1261,54,0
19/05/2020,0,Gyeongsangnam-do,121,115,0,0
19/05/2020,0,Jeju-do,14,11,0,0
20/05/2020,0,Seoul,752,592,4,10
20/05/2020,0,Busan,144,131,3,0
20/05/2020,0,Daegu,6872,6471,182,1
20/05/2020,0,Incheon,134,88,0,8
20/05/2020,0,Gwangju,30,30,0,0
20/05/2020,0,Daejeon,44,39,1,0
20/05/2020,0,Ulsan,49,42,1,0
20/05/2020,0,Sejong,47,47,0,0
20/05/2020,0,Gyeonggi-do,735,611,16,10
20/05/2020,0,Gangwon-do,55,47,2,0
20/05/2020,0,Chungcheongbuk-do,59,44,0,0
20/05/2020,0,Chungcheongnam-do,144,141,0,0
20/05/2020,0,Jeollabuk-do,21,19,0,1
20/05/2020,0,Jeollanam-do,18,14,0,0
20/05/2020,0,Gyeongsangbuk-do,1368,1271,54,0
20/05/2020,0,Gyeongsangnam-do,121,117,0,0
20/05/2020,0,Jeju-do,14,13,0,0
21/05/2020,0,Seoul,756,596,4,4
21/05/2020,0,Busan,144,131,3,0
21/05/2020,0,Daegu,6872,6498,182,0
21/05/2020,0,Incheon,140,89,0,6
21/05/2020,0,Gwangju,30,30,0,0
21/05/2020,0,Daejeon,44,39,1,0
21/05/2020,0,Ulsan,49,42,1,0
21/05/2020,0,Sejong,47,47,0,0
21/05/2020,0,Gyeonggi-do,735,631,17,0
21/05/2020,0,Gangwon-do,55,47,2,0
21/05/2020,0,Chungcheongbuk-do,59,44,0,0
21/05/2020,0,Chungcheongnam-do,145,141,0,1
21/05/2020,0,Jeollabuk-do,21,19,0,0
21/05/2020,0,Jeollanam-do,18,16,0,0
21/05/2020,0,Gyeongsangbuk-do,1368,1272,54,0
21/05/2020,0,Gyeongsangnam-do,121,117,0,0
21/05/2020,0,Jeju-do,14,13,0,0
22/05/2020,0,Seoul,758,599,4,2
22/05/2020,0,Busan,144,131,3,0
22/05/2020,0,Daegu,6872,6505,182,0
22/05/2020,0,Incheon,141,90,0,1
22/05/2020,0,Gwangju,30,30,0,0
22/05/2020,0,Daejeon,44,39,1,0
22/05/2020,0,Ulsan,50,42,1,1
22/05/2020,0,Sejong,47,47,0,0
22/05/2020,0,Gyeonggi-do,741,633,17,6
22/05/2020,0,Gangwon-do,55,47,2,0
22/05/2020,0,Chungcheongbuk-do,59,44,0,0
22/05/2020,0,Chungcheongnam-do,145,141,0,0
22/05/2020,0,Jeollabuk-do,21,19,0,0
22/05/2020,0,Jeollanam-do,18,16,0,0
22/05/2020,0,Gyeongsangbuk-do,1370,1276,54,2
22/05/2020,0,Gyeongsangnam-do,122,117,0,1
22/05/2020,0,Jeju-do,14,13,0,0
23/05/2020,0,Seoul,762,604,4,4
23/05/2020,0,Busan,144,131,3,0
23/05/2020,0,Daegu,6873,6516,183,1
23/05/2020,0,Incheon,141,91,0,0
23/05/2020,0,Gwangju,30,30,0,0
23/05/2020,0,Daejeon,45,40,1,1
23/05/2020,0,Ulsan,50,42,1,0
23/05/2020,0,Sejong,47,47,0,0
23/05/2020,0,Gyeonggi-do,754,636,18,13
23/05/2020,0,Gangwon-do,55,47,2,0
23/05/2020,0,Chungcheongbuk-do,59,45,0,0
23/05/2020,0,Chungcheongnam-do,145,141,0,0
23/05/2020,0,Jeollabuk-do,21,19,0,0
23/05/2020,0,Jeollanam-do,18,16,0,0
23/05/2020,0,Gyeongsangbuk-do,1370,1278,54,0
23/05/2020,0,Gyeongsangnam-do,123,117,0,1
23/05/2020,0,Jeju-do,14,13,0,0
24/05/2020,0,Seoul,768,604,4,6
24/05/2020,0,Busan,144,131,3,0
24/05/2020,0,Daegu,6873,6518,183,0
24/05/2020,0,Incheon,143,92,0,2
24/05/2020,0,Gwangju,30,30,0,0
24/05/2020,0,Daejeon,45,40,1,0
24/05/2020,0,Ulsan,50,42,1,0
24/05/2020,0,Sejong,47,47,0,0
24/05/2020,0,Gyeonggi-do,760,643,18,6
24/05/2020,0,Gangwon-do,56,47,2,1
24/05/2020,0,Chungcheongbuk-do,59,46,0,0
24/05/2020,0,Chungcheongnam-do,145,141,0,0
24/05/2020,0,Jeollabuk-do,21,19,0,0
24/05/2020,0,Jeollanam-do,18,17,0,0
24/05/2020,0,Gyeongsangbuk-do,1376,1281,54,6
24/05/2020,0,Gyeongsangnam-do,123,117,0,0
24/05/2020,0,Jeju-do,14,13,0,0
25/05/2020,0,Seoul,774,607,4,6
25/05/2020,0,Busan,144,131,3,0
25/05/2020,0,Daegu,6874,6519,183,1
25/05/2020,0,Incheon,144,92,0,1
25/05/2020,0,Gwangju,30,30,0,0
25/05/2020,0,Daejeon,45,40,1,0
25/05/2020,0,Ulsan,50,42,1,0
25/05/2020,0,Sejong,47,47,0,0
25/05/2020,0,Gyeonggi-do,766,644,19,6
25/05/2020,0,Gangwon-do,56,48,2,0
25/05/2020,0,Chungcheongbuk-do,59,46,0,0
25/05/2020,0,Chungcheongnam-do,145,141,0,0
25/05/2020,0,Jeollabuk-do,21,19,0,0
25/05/2020,0,Jeollanam-do,18,17,0,0
25/05/2020,0,Gyeongsangbuk-do,1377,1285,54,1
25/05/2020,0,Gyeongsangnam-do,123,119,0,0
25/05/2020,0,Jeju-do,14,13,0,0
26/05/2020,0,Seoul,783,614,4,9
26/05/2020,0,Busan,144,131,3,0
26/05/2020,0,Daegu,6875,6553,184,1
26/05/2020,0,Incheon,147,93,0,3
26/05/2020,0,Gwangju,30,30,0,0
26/05/2020,0,Daejeon,45,40,1,0
26/05/2020,0,Ulsan,50,42,1,0
26/05/2020,0,Sejong,47,47,0,0
26/05/2020,0,Gyeonggi-do,768,645,19,2
26/05/2020,0,Gangwon-do,56,48,3,0
26/05/2020,0,Chungcheongbuk-do,60,46,0,1
26/05/2020,0,Chungcheongnam-do,145,141,0,0
26/05/2020,0,Jeollabuk-do,21,19,0,0
26/05/2020,0,Jeollanam-do,18,17,0,0
26/05/2020,0,Gyeongsangbuk-do,1378,1286,54,1
26/05/2020,0,Gyeongsangnam-do,123,119,0,0
26/05/2020,0,Jeju-do,14,13,0,0
27/05/2020,0,Seoul,802,618,4,19
27/05/2020,0,Busan,144,135,3,0
27/05/2020,0,Daegu,6878,6557,184,3
27/05/2020,0,Incheon,158,93,0,11
27/05/2020,0,Gwangju,30,30,0,0
27/05/2020,0,Daejeon,45,40,1,0
27/05/2020,0,Ulsan,50,42,1,0
27/05/2020,0,Sejong,47,47,0,0
27/05/2020,0,Gyeonggi-do,774,646,19,6
27/05/2020,0,Gangwon-do,56,48,3,0
27/05/2020,0,Chungcheongbuk-do,60,46,0,0
27/05/2020,0,Chungcheongnam-do,145,141,0,0
27/05/2020,0,Jeollabuk-do,21,19,0,0
27/05/2020,0,Jeollanam-do,18,17,0,0
27/05/2020,0,Gyeongsangbuk-do,1378,1287,54,0
27/05/2020,0,Gyeongsangnam-do,123,119,0,0
27/05/2020,0,Jeju-do,14,13,0,0
28/05/2020,0,Seoul,826,621,4,24
28/05/2020,0,Busan,145,136,3,1
28/05/2020,0,Daegu,6880,6576,184,2
28/05/2020,0,Incheon,180,93,0,22
28/05/2020,0,Gwangju,30,30,0,0
28/05/2020,0,Daejeon,45,40,1,0
28/05/2020,0,Ulsan,50,44,1,0
28/05/2020,0,Sejong,47,47,0,0
28/05/2020,0,Gyeonggi-do,795,646,19,21
28/05/2020,0,Gangwon-do,56,49,3,0
28/05/2020,0,Chungcheongbuk-do,60,46,0,0
28/05/2020,0,Chungcheongnam-do,146,141,0,1
28/05/2020,0,Jeollabuk-do,21,19,0,0
28/05/2020,0,Jeollanam-do,18,17,0,0
28/05/2020,0,Gyeongsangbuk-do,1379,1291,54,1
28/05/2020,0,Gyeongsangnam-do,123,119,0,0
28/05/2020,0,Jeju-do,14,13,0,0
29/05/2020,0,Seoul,846,623,4,20
29/05/2020,0,Busan,145,136,3,0
29/05/2020,0,Daegu,6880,6587,184,0
29/05/2020,0,Incheon,198,93,0,18
29/05/2020,0,Gwangju,30,30,0,0
29/05/2020,0,Daejeon,45,42,1,0
29/05/2020,0,Ulsan,50,44,1,0
29/05/2020,0,Sejong,47,47,0,0
29/05/2020,0,Gyeonggi-do,815,647,19,20
29/05/2020,0,Gangwon-do,56,50,3,0
29/05/2020,0,Chungcheongbuk-do,60,46,0,0
29/05/2020,0,Chungcheongnam-do,146,141,0,0
29/05/2020,0,Jeollabuk-do,21,19,0,0
29/05/2020,0,Jeollanam-do,18,17,0,0
29/05/2020,0,Gyeongsangbuk-do,1379,1293,54,0
29/05/2020,0,Gyeongsangnam-do,123,119,0,0
29/05/2020,0,Jeju-do,14,13,0,0
30/05/2020,0,Seoul,855,627,4,9
30/05/2020,0,Busan,146,138,3,1
30/05/2020,0,Daegu,6882,6606,184,2
30/05/2020,0,Incheon,203,94,0,5
30/05/2020,0,Gwangju,32,30,0,2
30/05/2020,0,Daejeon,45,42,1,0
30/05/2020,0,Ulsan,50,44,1,0
30/05/2020,0,Sejong,47,47,0,0
30/05/2020,0,Gyeonggi-do,828,648,19,13
30/05/2020,0,Gangwon-do,57,50,3,1
30/05/2020,0,Chungcheongbuk-do,60,49,0,0
30/05/2020,0,Chungcheongnam-do,146,142,0,0
30/05/2020,0,Jeollabuk-do,21,19,0,0
30/05/2020,0,Jeollanam-do,19,17,0,1
30/05/2020,0,Gyeongsangbuk-do,1379,1294,54,0
30/05/2020,0,Gyeongsangnam-do,123,120,0,0
30/05/2020,0,Jeju-do,14,13,0,0
31/05/2020,0,Seoul,861,627,4,6
31/05/2020,0,Busan,147,138,3,1
31/05/2020,0,Daegu,6883,6607,185,1
31/05/2020,0,Incheon,206,94,0,3
31/05/2020,0,Gwangju,32,30,0,0
31/05/2020,0,Daejeon,46,42,1,1
31/05/2020,0,Ulsan,52,45,1,2
31/05/2020,0,Sejong,47,47,0,0
31/05/2020,0,Gyeonggi-do,840,650,19,12
31/05/2020,0,Gangwon-do,57,50,3,0
31/05/2020,0,Chungcheongbuk-do,60,49,0,0
31/05/2020,0,Chungcheongnam-do,146,142,0,0
31/05/2020,0,Jeollabuk-do,21,19,0,0
31/05/2020,0,Jeollanam-do,19,17,0,0
31/05/2020,0,Gyeongsangbuk-do,1379,1295,54,0
31/05/2020,0,Gyeongsangnam-do,123,121,0,0
31/05/2020,0,Jeju-do,15,13,0,1
1/06/2020,0,Seoul,862,627,4,1
1/06/2020,0,Busan,147,138,3,0
1/06/2020,0,Daegu,6884,6610,186,1
1/06/2020,0,Incheon,224,98,0,18
1/06/2020,0,Gwangju,32,30,0,0
1/06/2020,0,Daejeon,46,42,1,0
1/06/2020,0,Ulsan,52,45,1,0
1/06/2020,0,Sejong,47,47,0,0
1/06/2020,0,Gyeonggi-do,852,657,19,12
1/06/2020,0,Gangwon-do,57,50,3,0
1/06/2020,0,Chungcheongbuk-do,60,49,0,0
1/06/2020,0,Chungcheongnam-do,146,142,0,0
1/06/2020,0,Jeollabuk-do,21,19,0,0
1/06/2020,0,Jeollanam-do,20,17,0,1
1/06/2020,0,Gyeongsangbuk-do,1379,1296,54,0
1/06/2020,0,Gyeongsangnam-do,123,121,0,0
1/06/2020,0,Jeju-do,15,13,0,0
2/06/2020,0,Seoul,876,638,4,14
2/06/2020,0,Busan,147,138,3,0
2/06/2020,0,Daegu,6884,6616,187,0
2/06/2020,0,Incheon,232,98,0,8
2/06/2020,0,Gwangju,32,30,0,0
2/06/2020,0,Daejeon,46,42,1,0
2/06/2020,0,Ulsan,52,45,1,0
2/06/2020,0,Sejong,47,47,0,0
2/06/2020,0,Gyeonggi-do,867,660,19,15
2/06/2020,0,Gangwon-do,57,51,3,0
2/06/2020,0,Chungcheongbuk-do,60,49,0,0
2/06/2020,0,Chungcheongnam-do,146,142,0,0
2/06/2020,0,Jeollabuk-do,21,19,0,0
2/06/2020,0,Jeollanam-do,20,17,0,0
2/06/2020,0,Gyeongsangbuk-do,1379,1297,54,0
2/06/2020,0,Gyeongsangnam-do,123,121,0,0
2/06/2020,0,Jeju-do,15,13,0,0
3/06/2020,0,Seoul,895,639,4,19
3/06/2020,0,Busan,147,138,3,0
3/06/2020,0,Daegu,6885,6626,188,1
3/06/2020,0,Incheon,249,98,0,17
3/06/2020,0,Gwangju,32,30,0,0
3/06/2020,0,Daejeon,46,42,1,0
3/06/2020,0,Ulsan,52,45,1,0
3/06/2020,0,Sejong,47,47,0,0
3/06/2020,0,Gyeonggi-do,879,662,19,12
3/06/2020,0,Gangwon-do,57,51,3,0
3/06/2020,0,Chungcheongbuk-do,60,49,0,0
3/06/2020,0,Chungcheongnam-do,146,142,0,0
3/06/2020,0,Jeollabuk-do,21,19,0,0
3/06/2020,0,Jeollanam-do,20,17,0,0
3/06/2020,0,Gyeongsangbuk-do,1379,1298,54,0
3/06/2020,0,Gyeongsangnam-do,123,121,0,0
3/06/2020,0,Jeju-do,15,13,0,0
4/06/2020,0,Seoul,909,644,4,14
4/06/2020,0,Busan,147,138,3,0
4/06/2020,0,Daegu,6885,6634,188,0
4/06/2020,0,Incheon,256,105,0,7
4/06/2020,0,Gwangju,32,30,0,0
4/06/2020,0,Daejeon,46,42,1,0
4/06/2020,0,Ulsan,52,46,1,0
4/06/2020,0,Sejong,47,47,0,0
4/06/2020,0,Gyeonggi-do,894,665,19,15
4/06/2020,0,Gangwon-do,57,51,3,0
4/06/2020,0,Chungcheongbuk-do,60,49,0,0
4/06/2020,0,Chungcheongnam-do,146,142,0,0
4/06/2020,0,Jeollabuk-do,21,19,0,0
4/06/2020,0,Jeollanam-do,20,17,0,0
4/06/2020,0,Gyeongsangbuk-do,1380,1301,54,1
4/06/2020,0,Gyeongsangnam-do,123,121,0,0
4/06/2020,0,Jeju-do,15,13,0,0
5/06/2020,0,Seoul,924,645,4,15
5/06/2020,0,Busan,147,138,3,0
5/06/2020,0,Daegu,6886,6634,188,1
5/06/2020,0,Incheon,262,107,0,6
5/06/2020,0,Gwangju,32,30,0,0
5/06/2020,0,Daejeon,46,42,1,0
5/06/2020,0,Ulsan,52,46,1,0
5/06/2020,0,Sejong,47,47,0,0
5/06/2020,0,Gyeonggi-do,907,665,19,13
5/06/2020,0,Gangwon-do,57,51,3,0
5/06/2020,0,Chungcheongbuk-do,60,49,0,0
5/06/2020,0,Chungcheongnam-do,147,143,0,1
5/06/2020,0,Jeollabuk-do,21,19,0,0
5/06/2020,0,Jeollanam-do,20,17,0,0
5/06/2020,0,Gyeongsangbuk-do,1382,1302,54,2
5/06/2020,0,Gyeongsangnam-do,123,121,0,0
5/06/2020,0,Jeju-do,15,13,0,0
6/06/2020,0,Seoul,947,650,4,23
6/06/2020,0,Busan,147,139,3,0
6/06/2020,0,Daegu,6886,6638,188,0
6/06/2020,0,Incheon,273,110,0,11
6/06/2020,0,Gwangju,32,30,0,0
6/06/2020,0,Daejeon,46,42,1,0
6/06/2020,0,Ulsan,52,46,1,0
6/06/2020,0,Sejong,47,47,0,0
6/06/2020,0,Gyeonggi-do,915,673,19,8
6/06/2020,0,Gangwon-do,58,51,3,1
6/06/2020,0,Chungcheongbuk-do,60,49,0,0
6/06/2020,0,Chungcheongnam-do,148,143,0,1
6/06/2020,0,Jeollabuk-do,21,19,0,0
6/06/2020,0,Jeollanam-do,20,17,0,0
6/06/2020,0,Gyeongsangbuk-do,1383,1303,54,1
6/06/2020,0,Gyeongsangnam-do,124,122,0,1
6/06/2020,0,Jeju-do,15,13,0,0
7/06/2020,0,Seoul,974,651,4,27
7/06/2020,0,Busan,147,140,3,0
7/06/2020,0,Daegu,6887,6640,188,1
7/06/2020,0,Incheon,279,118,0,6
7/06/2020,0,Gwangju,32,30,0,0
7/06/2020,0,Daejeon,46,42,1,0
7/06/2020,0,Ulsan,53,46,1,1
7/06/2020,0,Sejong,47,47,0,0
7/06/2020,0,Gyeonggi-do,934,678,19,19
7/06/2020,0,Gangwon-do,58,51,3,0
7/06/2020,0,Chungcheongbuk-do,61,49,0,1
7/06/2020,0,Chungcheongnam-do,148,143,0,0
7/06/2020,0,Jeollabuk-do,21,19,0,0
7/06/2020,0,Jeollanam-do,20,17,0,0
7/06/2020,0,Gyeongsangbuk-do,1383,1304,54,0
7/06/2020,0,Gyeongsangnam-do,124,122,0,0
7/06/2020,0,Jeju-do,15,13,0,0
8/06/2020,0,Seoul,996,651,4,22
8/06/2020,0,Busan,147,141,3,0
8/06/2020,0,Daegu,6888,6641,188,1
8/06/2020,0,Incheon,283,118,0,4
8/06/2020,0,Gwangju,32,30,0,0
8/06/2020,0,Daejeon,46,43,1,0
8/06/2020,0,Ulsan,53,46,1,0
8/06/2020,0,Sejong,47,47,0,0
8/06/2020,0,Gyeonggi-do,942,680,19,8
8/06/2020,0,Gangwon-do,58,51,3,0
8/06/2020,0,Chungcheongbuk-do,61,49,0,0
8/06/2020,0,Chungcheongnam-do,148,143,0,0
8/06/2020,0,Jeollabuk-do,21,19,0,0
8/06/2020,0,Jeollanam-do,20,17,0,0
8/06/2020,0,Gyeongsangbuk-do,1383,1309,54,0
8/06/2020,0,Gyeongsangnam-do,124,122,0,0
8/06/2020,0,Jeju-do,15,13,0,0
9/06/2020,0,Seoul,1015,664,4,19
9/06/2020,0,Busan,147,141,3,0
9/06/2020,0,Daegu,6888,6643,188,0
9/06/2020,0,Incheon,286,121,0,3
9/06/2020,0,Gwangju,32,30,0,0
9/06/2020,0,Daejeon,46,43,1,0
9/06/2020,0,Ulsan,53,46,1,0
9/06/2020,0,Sejong,47,47,0,0
9/06/2020,0,Gyeonggi-do,955,680,20,13
9/06/2020,0,Gangwon-do,58,51,3,0
9/06/2020,0,Chungcheongbuk-do,61,49,0,0
9/06/2020,0,Chungcheongnam-do,150,143,0,2
9/06/2020,0,Jeollabuk-do,21,19,0,0
9/06/2020,0,Jeollanam-do,20,17,0,0
9/06/2020,0,Gyeongsangbuk-do,1383,1310,54,0
9/06/2020,0,Gyeongsangnam-do,125,123,0,1
9/06/2020,0,Jeju-do,15,13,0,0
10/06/2020,0,Seoul,1027,665,4,12
10/06/2020,0,Busan,147,141,3,0
10/06/2020,0,Daegu,6888,6648,188,0
10/06/2020,0,Incheon,294,127,0,8
10/06/2020,0,Gwangju,32,30,0,0
10/06/2020,0,Daejeon,46,43,1,0
10/06/2020,0,Ulsan,53,47,1,0
10/06/2020,0,Sejong,47,47,0,0
10/06/2020,0,Gyeonggi-do,976,682,22,21
10/06/2020,0,Gangwon-do,59,51,3,1
10/06/2020,0,Chungcheongbuk-do,61,49,0,0
10/06/2020,0,Chungcheongnam-do,150,143,0,0
10/06/2020,0,Jeollabuk-do,21,19,0,0
10/06/2020,0,Jeollanam-do,20,18,0,0
10/06/2020,0,Gyeongsangbuk-do,1383,1310,54,0
10/06/2020,0,Gyeongsangnam-do,127,123,0,2
10/06/2020,0,Jeju-do,15,13,0,0
11/06/2020,0,Seoul,1048,675,4,21
11/06/2020,0,Busan,147,141,3,0
11/06/2020,0,Daegu,6888,6651,188,0
11/06/2020,0,Incheon,300,136,0,6
11/06/2020,0,Gwangju,32,30,0,0
11/06/2020,0,Daejeon,46,43,1,0
11/06/2020,0,Ulsan,53,47,1,0
11/06/2020,0,Sejong,47,47,0,0
11/06/2020,0,Gyeonggi-do,992,691,22,16
11/06/2020,0,Gangwon-do,59,51,3,0
11/06/2020,0,Chungcheongbuk-do,61,52,0,0
11/06/2020,0,Chungcheongnam-do,150,143,0,0
11/06/2020,0,Jeollabuk-do,21,19,0,0
11/06/2020,0,Jeollanam-do,20,18,0,0
11/06/2020,0,Gyeongsangbuk-do,1383,1312,54,0
11/06/2020,0,Gyeongsangnam-do,127,123,0,0
11/06/2020,0,Jeju-do,15,13,0,0
12/06/2020,0,Seoul,1073,680,4,25
12/06/2020,0,Busan,147,141,3,0
12/06/2020,0,Daegu,6889,6653,189,1
12/06/2020,0,Incheon,301,140,0,1
12/06/2020,0,Gwangju,32,30,0,0
12/06/2020,0,Daejeon,46,43,1,0
12/06/2020,0,Ulsan,53,47,1,0
12/06/2020,0,Sejong,47,47,0,0
12/06/2020,0,Gyeonggi-do,1011,692,22,19
12/06/2020,0,Gangwon-do,59,52,3,0
12/06/2020,0,Chungcheongbuk-do,61,52,0,0
12/06/2020,0,Chungcheongnam-do,150,144,0,0
12/06/2020,0,Jeollabuk-do,21,19,0,0
12/06/2020,0,Jeollanam-do,20,18,0,0
12/06/2020,0,Gyeongsangbuk-do,1383,1312,54,0
12/06/2020,0,Gyeongsangnam-do,127,123,0,0
12/06/2020,0,Jeju-do,15,13,0,0
13/06/2020,0,Seoul,1101,688,4,28
13/06/2020,0,Busan,147,142,3,0
13/06/2020,0,Daegu,6892,6659,189,3
13/06/2020,0,Incheon,302,141,0,1
13/06/2020,0,Gwangju,32,30,0,0
13/06/2020,0,Daejeon,46,43,1,0
13/06/2020,0,Ulsan,53,47,1,0
13/06/2020,0,Sejong,47,47,0,0
13/06/2020,0,Gyeonggi-do,1025,696,22,14
13/06/2020,0,Gangwon-do,59,52,3,0
13/06/2020,0,Chungcheongbuk-do,61,52,0,0
13/06/2020,0,Chungcheongnam-do,151,144,0,1
13/06/2020,0,Jeollabuk-do,21,19,0,0
13/06/2020,0,Jeollanam-do,20,18,0,0
13/06/2020,0,Gyeongsangbuk-do,1383,1312,54,0
13/06/2020,0,Gyeongsangnam-do,127,123,0,0
13/06/2020,0,Jeju-do,15,14,0,0
14/06/2020,0,Seoul,1113,689,4,12
14/06/2020,0,Busan,147,142,3,0
14/06/2020,0,Daegu,6894,6661,189,2
14/06/2020,0,Incheon,310,147,0,8
14/06/2020,0,Gwangju,32,30,0,0
14/06/2020,0,Daejeon,46,43,1,0
14/06/2020,0,Ulsan,53,47,1,0
14/06/2020,0,Sejong,47,47,0,0
14/06/2020,0,Gyeonggi-do,1035,710,22,10
14/06/2020,0,Gangwon-do,60,52,3,1
14/06/2020,0,Chungcheongbuk-do,61,52,0,0
14/06/2020,0,Chungcheongnam-do,151,144,0,0
14/06/2020,0,Jeollabuk-do,21,19,0,0
14/06/2020,0,Jeollanam-do,20,18,0,0
14/06/2020,0,Gyeongsangbuk-do,1383,1313,54,0
14/06/2020,0,Gyeongsangnam-do,127,123,0,0
14/06/2020,0,Jeju-do,15,15,0,0
15/06/2020,0,Seoul,1120,689,4,7
15/06/2020,0,Busan,147,142,3,0
15/06/2020,0,Daegu,6894,6667,189,0
15/06/2020,0,Incheon,318,149,0,8
15/06/2020,0,Gwangju,32,30,0,0
15/06/2020,0,Daejeon,46,43,1,0
15/06/2020,0,Ulsan,53,47,1,0
15/06/2020,0,Sejong,47,47,0,0
15/06/2020,0,Gyeonggi-do,1045,713,22,10
15/06/2020,0,Gangwon-do,60,52,3,0
15/06/2020,0,Chungcheongbuk-do,61,52,0,0
15/06/2020,0,Chungcheongnam-do,152,144,0,1
15/06/2020,0,Jeollabuk-do,21,19,0,0
15/06/2020,0,Jeollanam-do,20,18,0,0
15/06/2020,0,Gyeongsangbuk-do,1383,1313,54,0
15/06/2020,0,Gyeongsangnam-do,130,124,0,3
15/06/2020,0,Jeju-do,15,15,0,0
16/06/2020,0,Seoul,1132,703,4,12
16/06/2020,0,Busan,148,142,3,1
16/06/2020,0,Daegu,6894,6671,189,0
16/06/2020,0,Incheon,320,152,1,2
16/06/2020,0,Gwangju,32,32,0,0
16/06/2020,0,Daejeon,49,43,1,3
16/06/2020,0,Ulsan,53,47,1,0
16/06/2020,0,Sejong,47,47,0,0
16/06/2020,0,Gyeonggi-do,1050,716,22,5
16/06/2020,0,Gangwon-do,60,52,3,0
16/06/2020,0,Chungcheongbuk-do,61,55,0,0
16/06/2020,0,Chungcheongnam-do,152,144,0,0
16/06/2020,0,Jeollabuk-do,21,20,0,0
16/06/2020,0,Jeollanam-do,20,18,0,0
16/06/2020,0,Gyeongsangbuk-do,1383,1313,54,0
16/06/2020,0,Gyeongsangnam-do,132,124,0,2
16/06/2020,0,Jeju-do,15,15,0,0
17/06/2020,0,Seoul,1145,710,5,13
17/06/2020,0,Busan,148,142,3,0
17/06/2020,0,Daegu,6895,6672,189,1
17/06/2020,0,Incheon,322,152,1,2
17/06/2020,0,Gwangju,32,32,0,0
17/06/2020,0,Daejeon,54,43,1,5
17/06/2020,0,Ulsan,53,47,1,0
17/06/2020,0,Sejong,47,47,0,0
17/06/2020,0,Gyeonggi-do,1063,720,22,13
17/06/2020,0,Gangwon-do,60,52,3,0
17/06/2020,0,Chungcheongbuk-do,61,55,0,0
17/06/2020,0,Chungcheongnam-do,153,144,0,1
17/06/2020,0,Jeollabuk-do,21,20,0,0
17/06/2020,0,Jeollanam-do,20,18,0,0
17/06/2020,0,Gyeongsangbuk-do,1383,1313,54,0
17/06/2020,0,Gyeongsangnam-do,132,124,0,0
17/06/2020,0,Jeju-do,16,15,0,1
18/06/2020,0,Seoul,1170,718,6,25
18/06/2020,0,Busan,148,142,3,0
18/06/2020,0,Daegu,6896,6674,189,1
18/06/2020,0,Incheon,323,158,1,1
18/06/2020,0,Gwangju,32,32,0,0
18/06/2020,0,Daejeon,61,44,1,7
18/06/2020,0,Ulsan,53,48,1,0
18/06/2020,0,Sejong,48,47,0,1
18/06/2020,0,Gyeonggi-do,1079,724,22,16
18/06/2020,0,Gangwon-do,60,52,3,0
18/06/2020,0,Chungcheongbuk-do,61,55,0,0
18/06/2020,0,Chungcheongnam-do,156,144,0,3
18/06/2020,0,Jeollabuk-do,22,20,0,1
18/06/2020,0,Jeollanam-do,20,18,0,0
18/06/2020,0,Gyeongsangbuk-do,1383,1316,54,0
18/06/2020,0,Gyeongsangnam-do,132,124,0,0
18/06/2020,0,Jeju-do,16,15,0,0
19/06/2020,0,Seoul,1188,724,6,18
19/06/2020,0,Busan,148,142,3,0
19/06/2020,0,Daegu,6896,6676,189,0
19/06/2020,0,Incheon,323,161,1,0
19/06/2020,0,Gwangju,32,32,0,0
19/06/2020,0,Daejeon,67,44,1,6
19/06/2020,0,Ulsan,53,48,1,0
19/06/2020,0,Sejong,48,47,0,0
19/06/2020,0,Gyeonggi-do,1090,737,22,11
19/06/2020,0,Gangwon-do,60,52,3,0
19/06/2020,0,Chungcheongbuk-do,61,55,0,0
19/06/2020,0,Chungcheongnam-do,156,144,0,0
19/06/2020,0,Jeollabuk-do,22,20,0,0
19/06/2020,0,Jeollanam-do,20,18,0,0
19/06/2020,0,Gyeongsangbuk-do,1383,1317,54,0
19/06/2020,0,Gyeongsangnam-do,132,124,0,0
19/06/2020,0,Jeju-do,19,15,0,3
20/06/2020,0,Seoul,1202,730,6,14
20/06/2020,0,Busan,150,142,3,2
20/06/2020,0,Daegu,6898,6679,189,2
20/06/2020,0,Incheon,328,165,1,5
20/06/2020,0,Gwangju,32,32,0,0
20/06/2020,0,Daejeon,72,44,1,5
20/06/2020,0,Ulsan,53,48,1,0
20/06/2020,0,Sejong,48,47,0,0
20/06/2020,0,Gyeonggi-do,1107,741,22,17
20/06/2020,0,Gangwon-do,60,52,3,0
20/06/2020,0,Chungcheongbuk-do,61,55,0,0
20/06/2020,0,Chungcheongnam-do,158,144,0,2
20/06/2020,0,Jeollabuk-do,23,20,0,1
20/06/2020,0,Jeollanam-do,20,18,0,0
20/06/2020,0,Gyeongsangbuk-do,1384,1319,54,1
20/06/2020,0,Gyeongsangnam-do,132,124,0,0
20/06/2020,0,Jeju-do,19,15,0,0
21/06/2020,0,Seoul,1219,733,6,17
21/06/2020,0,Busan,150,142,3,0
21/06/2020,0,Daegu,6899,6680,189,1
21/06/2020,0,Incheon,328,167,1,0
21/06/2020,0,Gwangju,33,32,0,1
21/06/2020,0,Daejeon,82,44,1,10
21/06/2020,0,Ulsan,53,48,1,0
21/06/2020,0,Sejong,49,47,0,1
21/06/2020,0,Gyeonggi-do,1117,744,22,10
21/06/2020,0,Gangwon-do,62,52,3,2
21/06/2020,0,Chungcheongbuk-do,61,55,0,0
21/06/2020,0,Chungcheongnam-do,159,144,0,1
21/06/2020,0,Jeollabuk-do,23,20,0,0
21/06/2020,0,Jeollanam-do,20,18,0,0
21/06/2020,0,Gyeongsangbuk-do,1384,1320,54,0
21/06/2020,0,Gyeongsangnam-do,133,124,0,1
21/06/2020,0,Jeju-do,19,15,0,0
22/06/2020,0,Seoul,1224,733,6,5
22/06/2020,0,Busan,150,142,3,0
22/06/2020,0,Daegu,6900,6681,189,1
22/06/2020,0,Incheon,329,169,1,1
22/06/2020,0,Gwangju,33,32,0,0
22/06/2020,0,Daejeon,82,44,1,0
22/06/2020,0,Ulsan,53,48,1,0
22/06/2020,0,Sejong,49,47,0,0
22/06/2020,0,Gyeonggi-do,1123,753,22,6
22/06/2020,0,Gangwon-do,62,52,3,0
22/06/2020,0,Chungcheongbuk-do,61,56,0,0
22/06/2020,0,Chungcheongnam-do,161,144,0,2
22/06/2020,0,Jeollabuk-do,24,20,0,1
22/06/2020,0,Jeollanam-do,20,18,0,0
22/06/2020,0,Gyeongsangbuk-do,1385,1320,54,1
22/06/2020,0,Gyeongsangnam-do,133,124,0,0
22/06/2020,0,Jeju-do,19,15,0,0
23/06/2020,0,Seoul,1230,743,6,6
23/06/2020,0,Busan,150,142,3,0
23/06/2020,0,Daegu,6901,6686,189,1
23/06/2020,0,Incheon,330,170,1,1
23/06/2020,0,Gwangju,33,32,0,0
23/06/2020,0,Daejeon,86,44,1,4
23/06/2020,0,Ulsan,53,48,1,0
23/06/2020,0,Sejong,49,47,0,0
23/06/2020,0,Gyeonggi-do,1130,758,23,7
23/06/2020,0,Gangwon-do,62,52,3,0
23/06/2020,0,Chungcheongbuk-do,62,56,0,1
23/06/2020,0,Chungcheongnam-do,161,144,0,0
23/06/2020,0,Jeollabuk-do,24,20,0,0
23/06/2020,0,Jeollanam-do,20,18,0,0
23/06/2020,0,Gyeongsangbuk-do,1385,1321,54,0
23/06/2020,0,Gyeongsangnam-do,133,124,0,0
23/06/2020,0,Jeju-do,19,15,0,0
24/06/2020,0,Seoul,1241,747,6,11
24/06/2020,0,Busan,152,142,3,2
24/06/2020,0,Daegu,6903,6687,189,2
24/06/2020,0,Incheon,333,174,1,3
24/06/2020,0,Gwangju,33,32,0,0
24/06/2020,0,Daejeon,94,44,1,8
24/06/2020,0,Ulsan,55,48,1,2
24/06/2020,0,Sejong,49,47,0,0
24/06/2020,0,Gyeonggi-do,1137,761,23,7
24/06/2020,0,Gangwon-do,63,52,3,1
24/06/2020,0,Chungcheongbuk-do,62,56,0,0
24/06/2020,0,Chungcheongnam-do,162,146,0,1
24/06/2020,0,Jeollabuk-do,25,20,0,1
24/06/2020,0,Jeollanam-do,20,18,0,0
24/06/2020,0,Gyeongsangbuk-do,1386,1321,54,1
24/06/2020,0,Gyeongsangnam-do,133,124,0,0
24/06/2020,0,Jeju-do,19,15,0,0
25/06/2020,0,Seoul,1250,761,7,9
25/06/2020,0,Busan,152,142,3,0
25/06/2020,0,Daegu,6903,6689,189,0
25/06/2020,0,Incheon,334,182,1,1
25/06/2020,0,Gwangju,33,32,0,0
25/06/2020,0,Daejeon,98,44,1,4
25/06/2020,0,Ulsan,55,48,1,0
25/06/2020,0,Sejong,49,47,0,0
25/06/2020,0,Gyeonggi-do,1146,777,23,9
25/06/2020,0,Gangwon-do,63,52,3,0
25/06/2020,0,Chungcheongbuk-do,62,57,0,0
25/06/2020,0,Chungcheongnam-do,163,146,0,1
25/06/2020,0,Jeollabuk-do,25,20,0,0
25/06/2020,0,Jeollanam-do,20,18,0,0
25/06/2020,0,Gyeongsangbuk-do,1386,1321,54,0
25/06/2020,0,Gyeongsangnam-do,133,125,0,0
25/06/2020,0,Jeju-do,19,16,0,0
26/06/2020,0,Seoul,1267,843,7,17
26/06/2020,0,Busan,152,142,3,0
26/06/2020,0,Daegu,6903,6695,189,0
26/06/2020,0,Incheon,336,231,1,2
26/06/2020,0,Gwangju,33,32,0,0
26/06/2020,0,Daejeon,102,44,1,4
26/06/2020,0,Ulsan,55,49,1,0
26/06/2020,0,Sejong,49,47,0,0
26/06/2020,0,Gyeonggi-do,1150,814,23,4
26/06/2020,0,Gangwon-do,64,52,3,1
26/06/2020,0,Chungcheongbuk-do,62,60,0,0
26/06/2020,0,Chungcheongnam-do,166,148,0,3
26/06/2020,0,Jeollabuk-do,25,20,0,0
26/06/2020,0,Jeollanam-do,20,18,0,0
26/06/2020,0,Gyeongsangbuk-do,1387,1327,54,1
26/06/2020,0,Gyeongsangnam-do,133,125,0,0
26/06/2020,0,Jeju-do,19,16,0,0
27/06/2020,0,Seoul,1284,911,7,17
27/06/2020,0,Busan,152,142,3,0
27/06/2020,0,Daegu,6904,6700,189,1
27/06/2020,0,Incheon,337,250,2,1
27/06/2020,0,Gwangju,33,32,0,0
27/06/2020,0,Daejeon,104,44,1,2
27/06/2020,0,Ulsan,55,50,1,0
27/06/2020,0,Sejong,49,47,0,0
27/06/2020,0,Gyeonggi-do,1167,858,22,17
27/06/2020,0,Gangwon-do,64,52,3,0
27/06/2020,0,Chungcheongbuk-do,63,60,0,1
27/06/2020,0,Chungcheongnam-do,166,148,0,0
27/06/2020,0,Jeollabuk-do,26,20,0,1
27/06/2020,0,Jeollanam-do,20,19,0,0
27/06/2020,0,Gyeongsangbuk-do,1387,1328,54,0
27/06/2020,0,Gyeongsangnam-do,133,128,0,0
27/06/2020,0,Jeju-do,19,16,0,0
28/06/2020,0,Seoul,1298,923,7,14
28/06/2020,0,Busan,152,143,3,0
28/06/2020,0,Daegu,6904,6700,189,0
28/06/2020,0,Incheon,337,264,1,0
28/06/2020,0,Gwangju,37,32,0,4
28/06/2020,0,Daejeon,110,44,1,6
28/06/2020,0,Ulsan,55,50,1,0
28/06/2020,0,Sejong,49,47,0,0
28/06/2020,0,Gyeonggi-do,1184,873,23,17
28/06/2020,0,Gangwon-do,64,53,3,0
28/06/2020,0,Chungcheongbuk-do,64,60,0,1
28/06/2020,0,Chungcheongnam-do,167,148,0,1
28/06/2020,0,Jeollabuk-do,26,21,0,0
28/06/2020,0,Jeollanam-do,23,19,0,3
28/06/2020,0,Gyeongsangbuk-do,1387,1328,54,0
28/06/2020,0,Gyeongsangnam-do,133,128,0,0
28/06/2020,0,Jeju-do,19,16,0,0
29/06/2020,0,Seoul,1305,942,7,7
29/06/2020,0,Busan,153,143,3,1
29/06/2020,0,Daegu,6906,6700,189,2
29/06/2020,0,Incheon,338,284,1,1
29/06/2020,0,Gwangju,41,32,0,4
29/06/2020,0,Daejeon,112,44,1,2
29/06/2020,0,Ulsan,55,50,1,0
29/06/2020,0,Sejong,49,47,0,0
29/06/2020,0,Gyeonggi-do,1200,888,23,16
29/06/2020,0,Gangwon-do,64,54,3,0
29/06/2020,0,Chungcheongbuk-do,64,60,0,0
29/06/2020,0,Chungcheongnam-do,167,150,0,0
29/06/2020,0,Jeollabuk-do,27,21,0,1
29/06/2020,0,Jeollanam-do,24,19,0,1
29/06/2020,0,Gyeongsangbuk-do,1388,1328,54,1
29/06/2020,0,Gyeongsangnam-do,134,128,0,1
29/06/2020,0,Jeju-do,19,16,0,0
30/06/2020,0,Seoul,1312,985,7,7
30/06/2020,0,Busan,154,142,3,1
30/06/2020,0,Daegu,6906,6700,189,0
30/06/2020,0,Incheon,341,290,1,3
30/06/2020,0,Gwangju,44,32,0,3
30/06/2020,0,Daejeon,117,44,1,5
30/06/2020,0,Ulsan,55,50,1,0
30/06/2020,0,Sejong,50,47,0,1
30/06/2020,0,Gyeonggi-do,1207,931,23,7
30/06/2020,0,Gangwon-do,65,54,3,1
30/06/2020,0,Chungcheongbuk-do,65,60,0,1
30/06/2020,0,Chungcheongnam-do,167,150,0,0
30/06/2020,0,Jeollabuk-do,27,21,0,0
30/06/2020,0,Jeollanam-do,24,19,0,0
30/06/2020,0,Gyeongsangbuk-do,1389,1328,54,1
30/06/2020,0,Gyeongsangnam-do,134,128,0,0
30/06/2020,0,Jeju-do,19,16,0,0
